PF,2
manually,2
CDX2,1
cooking,1
assess,18
DF,1
entropy,1
paraffine-embedded,1
Diseases,1
Radiographic,1
â‰?8,3
HEK,1
kernel,1
tomography/computed,1
evolution,1
company,1
expenses,1
1st,3
noninvolved,1
national,12
assembled,1
Ireland,1
conditions,7
journeys,1
background-matched,1
212,1
512,1
understanding,1
AIDS,1
Lyon,1
PSM-based,1
aortic,2
frequency,4
manipulation,1
small-cell,4
CXR,1
versatile,1
ability,10
U/kg,1
hemoptysis,2
primaries,1
normal,36
characteristics,19
PD-1/PD-L1,5
potential,11
Scanning,1
miR-204-3p,3
Central,7
efficacy,16
PCR,17
clones,1
discussion,1
JFKD,1
enzyme,3
phantom,3
Convolutional,1
DLA,1
analyses,14
microscopy,4
comprising,3
experience,1
North,4
E7,1
I-IIIA,1
fasted,2
implanted,3
TaqManÂ®,1
prevalent,2
households,1
NRG,1
S6K,1
conduct,2
278,2
478,1
improved,1
cytology,4
Single-nucleotide,2
sepsis,1
emission,5
orally,1
earlier,1
Eight-week-old,1
#NAME?,1
explanatory,1
GSE19188,1
clearinghouse,1
traits,2
97,4
Diagnosis,2
27,7
47,9
67,3
pre-NLR,1
Framingham,1
signatures,2
-7,1
Cathepsin,1
stability,3
mTOR,3
NCI-H1650,1
BrM,2
nervous,1
sandwich,1
instruments,1
DLX6-,1
[mammalian,1
compounds,2
biochemistry,1
fluorimetric,1
BEAS-2B,3
extended,2
subjects,18
4-dihydro-3H-1,1
survivors,5
liver,13
adrenal,2
[18F]FDG-PET/CT,1
605-gene,1
ECOG,2
intratumoral,1
â‰?5,1
database,125
lived,1
chemokines,1
observe,1
Early-stage,1
gefitinib,16
hip,1
Q2W,1
preoperative,12
SOCS5,1
eastern,1
Numerous,1
107TCID50/100,1
SSI,1
profilling,1
invasiveness,1
nonmalignant,1
ISI,1
Seoul,2
proposes,1
vomit,1
aged,33
cats,1
â‰?0,1
Gung,2
input,3
T790M,2
pathology,5
25OH,1
receptor,7
titrated,1
society,1
lung,509
inheritance,1
sciatica,1
glycol-metabolism,1
Evaluation,3
amenable,1
Taipei,1
plans,4
miR-141,1
plant,1
Injury,1
prechemotherapy,1
seventh,1
prospective,56
pathological,16
PLWH,1
Forty,4
plane,1
T790M+,1
directional,1
2005-2014,2
Communities,1
NIH-AARP,2
cardiovascular,3
part-solid,1
relevant,21
constitute,1
representing,3
enhancing,1
inflection,1
Registration,1
mammary,3
networks,3
antiproliferative-,1
radioembolization,1
Iran,3
geographic,2
breeding,1
held,1
GBD,1
Kyn,1
genome-wide,6
dehydrogenase,3
Z-VAD-FMK,4
Elena,1
Notch1,1
single-institutional,2
summarized,3
beams,1
splice,1
Committee,5
colorimetric,1
linked,18
LEMS,1
VSIG4,1
module,2
CD31,1
southeastern,1
chimeric,1
NGIO,1
Diego,1
OAK,1
LDCT,3
MDCT,1
depression,4
downstream,1
GEO,21
annotated,2
2005-2015,1
round,1
10-Mar,1
Condensed,1
pharmacodynamics,1
inhibitory,4
neuro-oncological,1
linear,2
GSE83842,1
miR-105,1
linkage,2
Kameda,1
metagenomics,1
CRP,4
MRIs,1
segmentation,1
Balbc,1
intestinal,1
extensive,3
Anhui,1
Nurses',2
view,1
neural,4
permittivity,1
addition,2
Treg,1
PDE-neo,1
noncoding,1
CSC-like,1
KRASG12S-mutant,1
immune-related,1
Linked,1
CCR7,1
pollution,5
441,1
Gavazzeni,1
Excerpta,1
droplet,1
RB,1
avelumab,1
SLE,2
opposite,1
WB,1
Diabetes,1
IB,3
JB,1
NB,1
MDT,1
2005-2016,1
Î¼m,1
pre-diagnostic,1
team,3
Primary,2
FB,1
severe,6
wound,1
semistructured,3
Center,25
beam,4
adopting,1
International,3
descriptive,5
SCCC,1
serum/feeder-free,1
Mayo,2
retrospective,166
colleges,1
first-line,20
smokers,7
Czech,2
CRISPR,1
HPV-screening,1
subunits,1
nodule,4
Kit-8,3
mining,1
agar,1
immuno-oncology-based,1
proposed,3
Kentucky,1
delayed,1
vitamin,3
18F-fluodeoxyglucose,1
1/1/2006-31/12/2017,1
GSE43458,1
main,4
mm,6
Initiative,1
4B,2
chronic,6
cm,16
[FEV1,1
GSE67036,1
Syndecan-4-binding,1
circ_0011292,1
IPN,1
cement,1
ramucirumab,2
FAPI-PET/CT,1
cytotoxicity-,1
published,21
Tc,1
ALK-rearranged,3
Heart,3
Safety,1
MHOS,1
TP73-AS1,1
TUNEL,1
investigate,12
THA,1
VHA,1
subsequent-line,1
evaluating,5
carboplatin,4
ventral,1
DHA,1
brachytherapy,2
therapeutic,4
PET-CT,1
outcomes,27
DLM8-M1,1
deCODE,1
G3,1
GSE99995,1
PAX6,1
collaboration,2
nuclear-plasma,1
confidence,1
support,4
City,7
esophagus,2
238,1
AQP3,1
MALAT1,2
PSM,1
BBTI,1
self-renewal,1
predictors,2
vein,1
MSM,1
researches,1
Candesartan,1
city,1
angiocatheters,1
centrifugation,2
density,2
imputed,1
39-year-old,1
commercially,3
samples,76
protective,2
multifocal,1
Detroit,1
93,1
subcutaneously,2
EPOR,1
relationships,2
tripartite,1
solitary,4
33,6
53,4
73,7
steroids,2
2017-September,1
ICG-guided,1
syngeneic,4
Measurement,1
Spectra,1
5-30-mm-sized,1
United,4
SS-VATS,1
Daily,1
incidental,1
>0,1
coefficient,1
positions,1
interleukin-6,1
1ÔÂ21ÈÕ,1
Faculty,1
provincial,3
interdisciplinary,1
Cancerlit,1
TS-VATS,1
successful,1
M/77,1
Welsh,1
Corp,1
Singapore,3
records,34
enrolment,1
superior,2
SNHG17,1
treated,141
mutations,22
five-year,1
infrastructure,1
gynecological,3
cytopathology,2
ICBT,1
allele,1
Perioperative,1
low-density,1
diseases,8
personnes,1
synchronous,4
Fang,1
HEC,1
7-day,2
super-utilizers,1
MEC,1
NEC,1
EVs,2
time,19
creatinine,1
chromatin,1
H&E,1
cerebrovascular,1
modeling,3
GC-MS,1
pneumonia,5
spheroid,2
Carolina,1
apoptosis,8
Phytochemical,2
case-vignette,1
suspicious,2
PRT,2
TRT,2
performing,1
UHAs,1
irAE,1
hydration,1
dataBASE,1
mg/d,2
inclusion,4
cisplatin,12
CRT,5
lipid,1
randomly,22
KMPlot,1
YM155,1
PC-9/GR,1
129Sv/Ev,1
qRT,1
carried,8
Hispanics/Latinos,1
reference,2
tertiary,20
EPIC-Norfolk,1
ecological,2
estimating,1
mutant,3
autotransplantation,1
counselling,1
#NAME?,1
language,4
capture,1
expressed,19
programmed,3
whole-genome,1
IIIB/C,1
245,1
445,2
experts,2
scanning,3
basket,1
COV,1
central,10
FT-IR,1
Gonzaga,1
Retinol,1
spacer,1
qPCR,6
dysregulated,1
inpatients,9
Monfalcone,1
naÃ¯ve,2
Program,6
Omnibus,22
provide,1
kinase,6
CAMS,1
Deidentified,1
MNP@CSA-131,1
H460,1
masses,2
second-line,4
Text,1
cytotoxicity,4
clinico-genomic,1
Rice,1
second-harmonic,1
Melanoma,1
Clinico-pathological,1
gland,2
Mice,1
extracranial,1
operative,1
Circulating,1
living-cell,1
escalating,2
HÃ©patites,1
Xiangya,2
Expanded,1
Complete,1
Nomograms,1
candidates,2
green,1
Quality,1
miner,1
societies,1
encounter,1
ceritinib,1
costimulatory,1
HAND2-AS1,1
501,1
Benefits,1
list,1
rate,10
Winship,1
rapamycin,2
active,4
LN,2
lines,54
purchased,1
larotrectinib,1
weighted,1
Digitoxin,1
neurons,1
IIIB-IV,2
gelatin-coated,1
sotorasib,1
terms,4
CRD42020139923,1
Library,28
neoantigen,1
[WHO],1
furosemide,1
Lanka,1
Bi,1
simulation-based,1
GSE44077,1
schizophrenia,1
line-,2
keV/Âµm,1
plasmids,1
isotope,1
complexes,2
children's,1
complexed,1
hysterectomy,2
unadjusted,1
Royal,3
individuals,13
31st,1
LKB1,1
non-interventional,3
CD8+CD57+,1
Black,3
Paired,2
trauma,1
Europe,4
non-metastatic,3
relationship,11
Next-generation,2
authors,6
hazard,3
transcriptomic,2
18-70,1
dermatomyositis,1
ASA,1
strategy,3
2-center,1
cancer-related,4
Changsha,2
SEC31,1
paediatric,1
package,1
#NAME?,1
biomarkers,2
prognosis,4
Main,1
feasibility,6
drainage,1
probability,2
partners,1
miR-1182,1
endemic,1
dynamics,1
one-arm,1
pain,6
procured,1
visualize,1
administrated,1
bladder,3
VEGF-A,1
#NAME?,1
HCG11,1
created,2
HGNEC,1
gain,1
ovarian,8
spirometer,2
Neuro-Ophthalmology,1
nausea,1
investigation,2
shifted,1
individually,2
operators,1
layer,2
reconstruction,3
interviewed,2
LUAD,34
estimated,8
differentiated,1
Gy/5,1
p-AKT,1
observed,5
non-metropolitan,1
Russia,1
anti-programmed,4
tranilast,1
clinicopathology,1
random,6
utilization,3
EPO-receptor,1
Sample,2
Subject,1
Laboratory,1
structures,2
additionally,1
household,2
lactate,5
ZnO,1
targets,4
Bioinformation,1
oncologic,2
mg/83,1
Insurance,4
non-emergent,1
LUS,1
co-modified,1
prosthetic,1
cessation,2
differential,5
PCGEM1,1
non-contrast,2
coregulator,1
Cross-sectional,2
characteristic,1
cytological,1
ipsilateral,1
distress,3
morphologic,1
September,18
RAAS,1
UMC-11,1
premeeting,1
gastric,7
RRs,2
adenoma,2
HRs,2
center,23
patients,920
microsimulation,1
miR-924,1
LAC,2
NAC,1
oil,2
274,1
GLOBOCAN,1
disease-free,2
cobalt,1
2013-2018,1
Prevention,2
2013-2017,1
training,15
charge,1
cetuximab,1
kit-8,1
Ever-smokers,1
UPLC,1
paraffin-embed,1
Fourth,1
HPLC,1
dCCRT,1
detected,36
5ÔÂ7ÈÕ,1
PFOA,1
MDA-MB-231,3
latency,1
19th,1
preliminary,1
EBSCO,1
Access,1
signs,3
drugs,3
availability,2
variants,5
invadopodia,1
fibroblasts,3
X-ray,2
ZEB2-AS1,1
Veterans,2
formation,16
205,2
PiggyBac,1
safety,10
72-year-old,1
Australian,7
maintained,4
constructed,8
induced,7
lymphatic,2
SNP,3
DEGs,7
reconstructions,1
hepatocellular,5
aspiration,3
self-reported,2
exploring,1
emetogenic,1
SerpinB2-/-,1
>30,2
130,1
correlation,6
designed,7
fluorescence,4
grade,5
caspase,1
miR-185,1
provinces,4
CSR,1
completed,15
enzyme-linked,1
glycolytic,1
Separation,1
LA-NSCLC,4
pancreatic,16
Standard,2
cardiac,5
tissues,89
sought,1
intrahepatic,1
pH-responsive,1
breast,56
insertion,1
Knife,1
CD133,4
practitioners,2
PLCH,1
brushings,1
Territories,1
enrollees,4
18F-FDG-PET/CT,1
tolerability,3
Michael,1
malignancies,7
Publicly,1
models,15
Thematic,1
circ_0001421,1
Î²5i,1
stain,1
APOC1,1
SqCCs,2
leptomeningeal,1
surveillance,3
CIK,1
incidentally,1
non-IPF,1
orthotopic,4
biochemical,1
mediating,1
response,16
collagen,2
target-specific,1
classical,2
Biomarker,1
UV-visible,1
analyses-the,1
laboratory-confirmed,1
transcription,7
miR-654-3p,1
teaching,3
multiple-dimensional,1
Cleveland,1
total,112
Kailuan,1
electoral,1
monocentric,2
FOXD3-AS1,2
polydimethylsiloxane,1
improve,1
boneless,1
nonsquamous,6
picked,1
Raman,1
ovo,1
LINC01260,1
excluded,1
c-VATS,1
enhancement,1
resistance,5
dual,3
ORL,1
EGFR-mutant,10
CAHPS,1
Programmed,2
EPHA5,1
deruxtecan,1
HPA,1
CINAHL,3
PC9/R,1
non-tumor,5
BPA,1
Demographic,1
EPA,1
31-70,1
NCT03950674,1
Pulmonary,6
solvent,1
urothelial,1
cIIIA,1
Cruz,1
Pingdingshan,2
ketogenic,1
â‰?,1
future,1
MB-MDA-231,1
release,3
LungenClinic,1
P16,1
adrenalectomy,2
comprised,2
measurable,1
age,40
60-69,1
sociodemographic,1
comprises,1
Virales,1
L858R,4
presentation,6
Oncology,14
asymptomatic,1
vertebrae,1
intranasally,1
administrations,1
vertebral,1
low-risk,1
transmembrane,1
program,10
draining,1
cut-off,5
polymerasechain,1
Zhongshan,1
Caucasians,1
habits,1
detectability,1
laterally,1
pathologic,4
Langerhans,1
Spain,3
standards,1
analyse,2
unacceptable,3
condition,2
Dataset,2
stomach,6
Epidemiologic,1
Metastasis,1
Cu/Zn,1
pharmaco-epidemiologic,1
Metastases,1
inoperable,7
Observational,2
fiber,2
dcSSc,1
ex-vivo,1
Civils,1
puncture,1
image,4
complete,14
PD-L1/TTF-1,1
invited,3
Comprehensive,1
C34,1
#NAME?,1
LAD1-depleted,1
Atlas,38
quality,7
earliest,1
Raf,1
heat-treated,1
peptide-functionalized,1
1978-2014,1
WWC3,1
T1-2N2M0,1
emphasis,3
Preferred,2
metastasectomy,3
pseudometastatic,1
bloc,1
01-1994,1
Male,1
ACMG,1
perspectives,1
simulant,2
structured,3
interactions,2
4-thiadiazines,1
hydrolase,1
mAb,2
identified,95
TMC,1
Terminology,1
CIS,1
[IV],1
LMC,1
MMC,1
male,4
centrally,2
CODA,1
library,5
Newly,1
solanine,1
PDAC,5
intensive,1
SPAs,1
examine,7
HDAC,1
confirm,2
calculated,6
temperatures,1
meta-analyses,3
modeled,1
studying,2
BALB/c,1
Chiayi,1
evaluations,1
Sciences,3
placebo-controlled,3
Carlo,1
outpatients,1
partitioned,2
extensive-stage,4
death-ligand-1-specific,1
stabilization,1
p-stage,1
#NAME?,3
physical,4
optimal,1
PET,8
retinol,1
ascending,1
Caribbean,1
fresh,3
circ_0016760,1
NET,2
wild,3
broad,1
filtered,1
plug-ins,1
ideal,1
SNHG22,1
thoracotomies,1
FA,1
"Effects,1
V600,1
IgG4-RD,1
gerontal,1
non-inflammatory,1
20-nm,1
KEAP1,2
PROSPERO,2
CBCT-AF-guided,1
July,33
MMPEL,1
area-level,1
methanol,1
WBI,1
Medica,1
H358,1
budding,1
PM2Â·5,2
-10Â°C,1
month,2
PanNET,2
Copper,1
alerts,1
Luigi,1
stock,1
external,3
diverse,2
caspase-8,1
expanded,1
Tohoku,1
option,2
Project,3
continuously,1
accredited,1
tool,2
examines,1
0-49,1
sequential,4
pituitary-irAE,1
autonomous,1
aberrantly,1
adsorption-desorption,1
miR-133a,1
RARP,1
proven,2
painters,1
biphasic,1
countries,3
internationally,1
cord,4
situation,2
homogeneity,1
15-25,1
cryosections,1
2007-2018,1
381,1
2007-2015,2
2007-2017,1
DAP,1
EAP,1
FAP,1
radiologists,2
origin,1
mAbs,1
elements,1
MV,1
MPE,2
rs174547,1
II/III,1
H1650/PTX,1
sample,13
Wnt,2
horizon,2
NGAL,1
2021,3
site,10
ductal,1
CUL4B,2
and/or,12
NPC-specific,1
programme,1
DANUBE,1
narratives,1
Assessment,9
participate,1
sociodemographics,1
transthorasic,1
IB-IIA,1
PHITS,1
employed,10
Plasmodium,1
SILAC,1
/mass,1
specialist,4
chow,1
IIIA-N2,2
protocols,2
intracellular,1
radiopaque,1
mucositis,1
Organization,3
adCN,1
VACM,1
received,69
durvalumab,2
allocated,2
NETs,3
sections,1
Resolution-Transmission,1
DUBs,1
chemotherapy,73
transcription-quantitative,1
sarcoma,3
SCCHN,1
Clinical,16
Paraffin,1
fourth,2
capture-based,2
Consortium,2
rs3730635,1
conventional,3
mediators,1
hydrogel,1
China,32
investigating,6
transplanted,1
LSR,1
histological,2
behavior,2
bi-center,1
ICAM-1,1
gridded,2
[14,1
Steno,1
Gamma,1
rs2291857,1
herbs,1
attend,1
multimethods,1
OSHA,1
follow-up,17
non-Latinx,2
18F-RGD,1
types,9
CuONPs,1
Initial,1
15-84,1
intracarotid,1
curves,1
follow-uP,1
post-labelling,1
extracts,1
Survivors,1
imaged,1
Version,2
AMG,1
RStudio,1
3-dimensional,2
PRDX2,1
volunteer,1
psychosocial,1
abdominal,3
Chiba,2
IBM,1
LBM,1
bronchoscope,2
CBM,4
MPEs,1
dermatology,1
invasive,8
non-malignant,2
NCDB,5
dependency,1
IIIa,1
captured,1
considered,4
D-dimer,1
Pollution,1
Peking,3
mother-child,1
enhanced,5
cDNA,1
mg/mL/min,1
pretreatment,2
cryoprobe,1
Office,1
standard,11
levels,40
Pathology,2
explore,14
inference,1
ongoing,2
EMbase,1
avitinib,1
Population-based,1
metabolism,2
LINC01089,2
cells/mm,1
CB11,1
anticoagulants,1
aggregates,1
acetylcholine-induced,1
publicly,4
grey,2
Z-vad,1
learning,3
30-pack-year,1
probe,3
1/1/1999-12/31/2014,1
virus,1
indirect,1
AS1,1
7-trimethyl-1H-imidazo[2,1
Respiratory,1
guideline-recommended,1
anti-PD-1/PD-L1,2
microRNA-4677-3p,1
Fifty-six,1
end-diastolic,1
scans,16
DElncRNAs,2
absent,1
LAD1,1
visualized,1
payload,1
CICU's,1
TGTS,1
restaged,1
FOXP3,1
Published,1
IHC-1A1,1
mL/yr,1
pancancer,1
MP1000-LPX,1
XRD,1
narrative,1
Computed,1
reagent,1
confirmatory,1
Infrastructure,10
Depression,2
Otorhinolaryngology,1
MMTV-PyMT,2
NRD,1
LAT,1
LINC00551,1
CRD,1
CAT,1
CRLM,2
intravesical,1
decision-making,1
exposed,4
CaHD,1
oxide,2
thoracic,15
Biophysical,1
inducing,1
3/31/2019,1
transduction-mediated,1
developed,21
14-3-3Î¶,1
Norway,2
[CAFs,1
MSKCC,1
lidocaine,3
CENTRAL,3
alive,1
Repatriation,1
incisions,1
B100â€?1",
oncology,11
Trials,7
allogeneic,1
spherical,1
epidural,3
Eighty-two,1
intra-arterial,1
Differentiated,1
gefitinib-resistant,2
JMJD1C,1
PI3K,1
morphology,4
delineate,1
Liquid,1
fibrinogen,1
gender-matched,1
Yat-Sen,1
PET/CT,22
jointly,1
deep,3
Provincial,2
mTORC1,1
assessments,1
initiating,1
dataset,14
segment,1
AMP,1
non-contiguous,1
neuro-ophthalmology,1
TRIP13,2
PR,3
setup,1
microarray-based,1
IR,2
disintegrin,1
FFPE,3
PLHIV,2
tested,16
temporal,2
EICs,1
Registries,1
Alliance,2
pancreatobiliary,1
included,144
polydispersity,1
miR-338,1
relabeling,1
inhibitor-naive,1
cystectomy,1
organ,1
LSCC,1
pTMB,1
OSCC,1
HIV-negative,1
wTMB,1
experimental,4
amplification,1
simulation,1
affiliated,1
real-time-polymerase,1
carcinomas,4
AP-HM,1
neurobiological,1
monocytes,1
Security,1
Hamburg-Eppendorf,1
history,17
MTV,2
attributable,1
formulations,1
deleterious,1
methods,14
ERÎ²,1
Pre-ablation,1
resectable,4
dissimilarity,1
//clincancerres,1
Antiretroviral,1
proteins,5
IL-2RA,1
>67,1
Lahey,1
utilised,1
SBF2-AS1,1
1995-1996,1
intervals,2
mPTCs,1
IHC-D4D6,1
Gorizia,1
4D-CT,1
Exploratory,1
guidelines,8
CD73,1
Portuguese,1
units,1
Quantitative,11
single,31
serving,1
Profiles,1
simplified,1
IPLC,1
spheres,1
PCA,1
spines,1
free-breathing,1
services,4
week,1
Association,5
volumetric,1
covering,3
Hopkins,1
ECA,1
mutually,1
requiring,2
bedroom,1
tomography-computed,1
I-II/A-B,1
breathing,2
Transfection,1
single-center,12
LINC00852,1
spinal,4
LncRNA,1
change,2
controls,35
TNM,3
DMPs,1
VMAT,3
LNM,1
irradiated,2
independently,1
10-Î¼M,1
undergone,11
project,3
indigo,2
Odense,1
pleural,12
immunotherapy,11
adults,9
fractures,1
esophagectomy,1
Caucasian,2
223,2
imaging,15
composition,1
PubMed-MEDLINE,1
tularaemia,1
academic,10
1985-2012,1
SYS,2
limited-stage,1
MAH,1
Southern,2
molecules,1
historical,1
ZnO-capping,1
Eighty-five,1
AAPM,1
2005-2007,1
interventional,1
proportion,6
metastasized,2
Inclusion,1
factorial,1
loaded,1
HBE,1
biomedical,1
trimester,2
mucinous,2
TCM-PTD,1
MT,2
tomography/,1
gel,3
MÎ¦s,1
GEPIA,4
ESCC,7
High-grade,1
Brazil,2
prophylaxis,3
Complexes,1
Children's,2
T1a,1
micelle,1
presence,3
non-small,50
contribution,1
tumor-infiltrating,2
reviewed,93
NOD/SCID,1
males,2
co-localization,1
plates,1
LEER,1
AAs,2
tumorigenesis,2
Traf2-,1
docetaxel,5
GCT,2
magnetic,3
[SZV],1
â‰?5,1
[IPMNs],1
FUT4's,1
pemetrexed-,1
Southeast,1
CAR-T,1
Scientific,1
bronchus-blowing,1
Core,1
EMT,3
group-level,1
parameters,7
alpha-beta,1
Chang,2
mellitus,1
sera,1
LHQW-component,1
transcribed,1
unselected,1
core,3
data-base,1
interconnects,1
achieved,2
cholangiocarcinoma,1
gamma,1
tolerated,1
uniformity,2
asthma,5
heads,1
events,5
ChT,2
vimentin,2
shRNA,3
database-EMBASE,1
non-V600,1
histopathologically,2
suspected,8
TBNA,1
dissemination,1
Wales,2
miR-342,1
water,1
computing,1
initial,7
individual-,1
ATNBC,1
nurses,1
HCT116,1
NT,1
Madrid,1
Anaplastic,1
trastuzumab,2
postchemotherapy,1
transvascular,1
verify,4
conjugating,1
highly,2
TCGA-LUAD,6
mechanical,1
population-based,16
RIP,1
Blot,1
metastatic,56
colony,11
VIP,5
peri-tumor,1
<2,1
promoter,2
magnet,1
yes/no,1
single-incision,1
carinal,2
real-time-quantitative,1
febrile,1
2Gy,1
reflection,1
whole-exome,5
expressions,8
behalf,1
GSE28571,1
analysed,19
2011-2014,1
adenoid,1
2011-2016,1
single-arm,7
Burlington,1
S1400,1
deformation,1
segmentectomy,15
LCXW,1
LC-MS/MS,1
18-month,1
arthroplasty,2
polymyositis,1
high-performance,2
TG-263,1
findings,6
Gy,7
radiotherapies,1
5-aminolevulinicc,1
heat-AMMSC-CM,1
C11-Boron,1
FGFR1,3
decision,5
TPV,1
third-,1
special,2
GLA,1
Lung-MAP,1
contralateral,1
person-level,1
scheduled,5
TRAMs,1
posts,1
reveal,1
re-analyzed,1
oncogene,2
T1/2,1
1126,1
oxygen,1
forest,1
Spectroscopy,1
cytologically,1
Fibroblasts,1
Social,1
â‰?,1
dosing,1
diagnostics,2
227,1
627,2
Trp,1
ICD-O-3,1
Canada,3
County,1
computed,16
-330-5p,1
Tool-Anatomic,1
emergency,3
PIK3CA,1
BAL,1
Korea,9
Asian/Pacific,1
PLA-Fe,1
CD63-BCAR4,1
tomographic,1
PC-9/gef,1
classification,6
version,1
RFR,1
barriers,3
prostatectomy,1
Recherche,1
pretherapeutic,1
CDCA3,1
CFR,1
folic,1
Perceived,1
Netherlands,2
Asia,1
projection,1
blotting,10
aberration,1
microbiota,1
Lymphoma,2
shipbuilding,1
HC,1
dates,2
manage,1
checked,1
Eurolung-predicted,1
Fuyang,1
illuminated,1
pain,1
Chemical,1
Differential,2
fruits,1
SEER-MHOS,1
10-nM,1
trials,40
prepared,4
basis,2
seeds,1
culture,1
pan-Canadian,1
specimen,1
Temporally,1
CpG,1
#NAME?,1
erlotinib,1
community,4
CHB,1
nanosight,1
telomere,1
forced,1
Twitter,1
pragmatic,1
mGPS,1
etoposide,5
liquid,4
Malignancies,1
N1-N2,1
methyl,1
post-test,1
variation,5
MEDLINE/PubMed,1
fee-for-service,3
Shinshu,1
type-specific,1
Inpatient,4
Uppsala,1
antibody,3
integrative,1
TRIB3,1
IC,1
chromium,1
Canadian,3
exosomes,1
prophylactic,1
[18F]FDG-PET/MRI,1
Dec,5
adjunct,1
sub-specialty,1
Venice,1
lapse,1
rule,1
tumor-related,1
mg/mL,1
lethal,1
HKDC1,1
ESMO,2
locked,1
almonertinib,1
TRIM65,1
causal,1
TRACERx,1
three-drug,1
hystologically,1
FAM83F,1
13th,1
mechanism,6
mg/m2,7
geriatric,1
Doxorubicin,1
brain,24
incentive,2
treatment-naÃ¯ve,4
swab,1
chemotherapies,1
Permanente,1
â…?â…?1,
CTLS,4
EBUS/TBNA,1
categories,2
facilities,3
randomized,39
measures,6
Twenty-one,1
modality,1
Hubei,2
Vermont,1
producing,1
Rubber,1
bioinformatic,4
CD6,1
Adults,1
GOLD,3
check-up,1
CIT,1
hematologic,3
PubMed/MEDLINE,2
confocal,1
recurrence,6
Glc-82,1
B1-/-,1
Glut1,1
infected,1
Prevalence,1
miR-4295,1
T6/T7,1
Nestin,1
purine-based,1
RNAseq,1
BED,1
Protein,2
single-group,1
profiles,9
lncRNA,4
dppb,4
Preventive,1
radiosensitise,1
treatment-naive,5
Classifier,1
ultrathin,1
C-Reactive,1
ng/mL,1
N2+,1
CpGs,1
open-ended,2
race/ethnicity-standardized,1
administration,1
mixture,5
enriched,3
ANRS-VESPA2,1
simultaneous,2
curing,1
subcutaneous,1
CD63,1
hypoxia-lipopolysaccharide,1
NCT03257124,1
triglyceride,2
Standardized,1
Surveillance,38
pandemic,3
VAL-MAP,1
Events,1
TG-K,1
IIIA/B,1
databases,75
sur,2
Consortium-Lung,1
wedge,3
intrapulmonary,2
MEDLINEÂ®,1
nivolumab,19
appraise,1
secondary,10
Emory,1
concurrent,10
low-income,1
relation,4
department,8
GW,1
ChIP-qPCR,1
Gentofte,1
PE,1
TE,1
Italy,2
RRM2,1
suffering,3
district,1
GE,1
pancreas,4
wide,2
profile,6
Î¼mol/L,4
AZIN1-AS1,1
preordered,1
contrasting,1
NanoString,1
DECT,1
transthoracic,1
TKI-refractory,1
MC,2
Electronic,2
testified,1
BCYRN1,1
202,2
402,1
costs,5
PsycINFO,1
pilot,4
throughput,1
relapsed,3
Type,3
CCC,1
2nd,1
cancer-associated,2
adverse,7
TIRF,1
Onco-COVID,1
CPX,1
ginseng,1
29-33,1
Memorial,7
immunohistochemically,1
FDG-PET/CT,2
excess,1
expansion,4
type,10
ELISA,5
Joint,5
bevacizumab,2
interrogate,1
network,9
infantile,1
patient-derived,3
Huh-7,1
TKA,1
longitudinal,10
caregivers,7
LTBI,1
pemetrexed-carboplatin,1
epithelial,9
enhance,2
mediastinal,6
Grenoble,1
reanalyzed,1
TMA-B,1
nsclc,2
pancreatectomy,2
TMA-A,1
intensity,3
Search,1
PCE,1
experiment,4
#NAME?,1
lymphocytes',1
Mexican,1
wash,1
Psychiatric,1
full-length,1
esophageal,11
asbestos,3
moderate-to-high,1
RT/CTx,1
pre-treated,1
dose-limiting,2
biologic,1
PLCOm2012,1
experiments,4
CRA002390,1
clinical/pathologic,1
II-IV,1
06-2020,1
Okayama,2
dismutase,1
LVEDP,1
fascia,1
low-fat,1
sponsored,1
96,3
sleeve,3
100-nM,1
Stress,1
26,7
incorporated,2
CMPTs,1
disruption,2
Dialysis,1
NSCLC,374
applicable,1
IA1,1
NIH,1
expert,4
biomarker's,1
Americas,1
cervical,6
ELISAs,1
identify,45
OLV,1
Latinx,1
2001-2010,1
Thoracic,10
Prescription,1
multivariable,3
UHPLC,1
blastoma,1
IMRT,2
Prospective,1
end-exhalation,1
NAT,1
increase,4
practices,2
Physics,1
Guidelines-HF,1
Repository,1
WLS,1
goals,1
Clinformatics,1
NIHCC,1
DLS,1
Expression,34
PMC,1
National,63
Weipu,1
Seventy-two,3
MRI,2
blood-based,1
benign,8
microRNA-4295,1
pneumonectomies,2
incising,1
PLA,4
Nanopep,1
punctures,2
diagnostically,1
SPN,1
RNA-pulldown,1
receipt,3
GOLPH3,1
NCT02627872,1
ventilation,2
progression-free,5
started,1
SEER,38
GNRs,1
NONMEM,1
Interview,2
kidney-liver,1
Consecutive,4
Conventional,1
DESI-MSI,1
April-October,1
drug-treated,1
Alliance/Cancer,1
pedigree,1
extrahepatic,1
CIS-DOX,1
biologists,1
angiosarcoma,1
Technology,2
entry,1
Pubmed,9
social,3
30th,1
BRAF,3
Nanjing,2
comparison,3
PC9GR,1
radiotherapy,23
pts,1
1B,1
Follow-up,2
reorganization,1
productive,1
Lightspeed,1
mixed,9
fractionated,2
LAD,1
queue-based,1
CAD,2
osteosarcoma,1
Left-sided,1
whole-transcriptome,1
Family,1
hybridization,2
CNOP,1
Cullin,1
fractions,3
Drug,1
BMs,3
selection,2
blockade,5
univariate,1
endpoint,1
NRCTs,1
valvular,1
atezolizumab,4
discharges,1
mastectomy,1
HNSCC,1
ESASr,1
nationwide,15
Guided,1
structure,4
entities,1
endostar,1
prior,12
genomic,9
Air,1
numbering,1
extract,1
multidisciplinary,8
lymphoma,7
autopsies,1
LUSC,12
Vital,2
carmine,2
obese,2
KM-plotter,1
Protocol,1
chemical,3
SP142,1
controlled,31
neuroendocrine,6
calculate,1
restaging,1
sex-matched,5
assigned,10
Activities,1
upper,6
NSCLC+RES,1
Patient,5
12-32,1
cyclophosphamide,1
SCLC,32
iodide,2
ATG,1
country,1
April,46
preferences,1
ELSs,1
1-nM,1
Seventy-three,1
single-hole,1
pathologists,1
death/last,1
myelosuppressive,4
SOX2,1
predict,1
zone,1
detectable,1
PA,1
Swedish,2
TA,1
VA,1
WA,1
IA,11
916,1
LA,2
MA,2
PPNs,2
woman,1
AA,5
gynecology,1
bone,8
cone,2
1/1/2000,1
CS-dependent,1
Scleroderma,2
transplantation,3
eGFR,1
data-based,1
E-cadherin,1
nude,5
long-term,6
measuring,3
BALF,2
symptomatic,1
surgeon,1
HTX-019,1
comparing,9
workers,3
weekly,2
radiation,10
triggered,1
context,2
vector,1
Checklist-Revised,1
pl,1
freeze-thaw,1
screening,25
[TLG],1
emtansine,1
fragmentation,1
oesophageal,3
expressing,1
Calu-1,1
3A,1
HCV,1
LCNEC,1
ExplorysÂ®,1
interviewer,1
craniotomy,1
Q12wk,1
Miami,1
4-amino-5-,1
occupational,3
claimed,1
miR-379-5p,1
analyzed,142
second-,2
pTNM,2
movements,2
Animals,1
"other,1
nab-paclitaxel,2
VI,1
payer,1
epirubicin,1
T2,5
excavated,1
Sep,2
medRxiv,1
exacerbation,1
N2,2
B2,2
yielding,1
Surgeons,1
Clonogenic,1
50-71,1
nestin,1
928,1
anti,2
functioning,1
protein,26
C57BL/6J,1
C57Bl/6,1
transmission,1
gastrointestinal,6
municipalities,1
Eclipta,1
cytoskeleton,1
genotyped,7
referred,11
integrates,1
HRM,1
causality,1
BRM,2
QDs,1
Distinguished,1
drug-excipient,1
tuning,1
1994-2008,1
GSE68465,1
SH003,1
variables,6
Tongren,1
92,3
GSE26939,1
endobronchial,3
miR,1
R-CDH,1
autoantibody,1
CPB,1
cross-cultural,1
eligibility,3
52,9
72,4
Tehran,1
NANOG,1
ceRNA,1
abemaciclib,1
UUH,2
Ã–rebro,1
CD163,1
homolog,1
method,18
Completed,1
LLPv2,1
contrast,5
EDX,1
NUSAP1,1
cardiorespiratory,1
tissue-resident,1
NSCLC-associated,1
phenotypic,1
pools,2
Sixty-two,1
Finland,1
BSREM,1
antitumoral,1
placebo,7
Check,1
collected,85
DVH,1
curatively,1
HIV-infected,1
GSE14814,1
multimodal,1
NHS,2
CHS,1
matched-pair,1
FHS,1
cancer",1
territory-wide,1
meeting,2
serum/CSF,1
charts,2
Twenty-three,1
UBE2C,1
confirmed,30
radiosensitivity,1
839,1
adjusted,3
rubber,1
IDC,2
Affairs,2
ADC,6
histories,1
antiangiogenic,2
DDC,1
population,19
air-control,1
death-1,1
pN1,1
interval,1
cell-free,2
Gy/10,1
cN1,1
digital,3
geographical,1
cM0,1
nodules,15
Reports,1
low,7
Emission,1
Hodgkin,1
missing,2
methylation,8
optimized,2
aphonia,1
averages,1
muscle,4
MPDAC,1
Glypican-3,1
misdiagnosed,1
ROS1-rearranged,1
roots,1
appendix,2
36-Item,1
class,1
FESEM,1
OMD,1
platinum-based,10
235,1
535,2
cytokines,2
near-total,1
proteomics,1
metropolitan,4
Phantom,1
acidification,1
lobe,1
stomatin,1
pT1-4N0-1M0,1
Resection,1
develop,6
NCT01593696,1
software,2
search,38
biliary,1
DEAD-box,1
>60,1
port,1
260,1
applying,1
2003-2005,1
Parametric,1
circSEC31A,1
summary,2
allowing,1
pulmonologists,2
clinicopathological,9
RAND,1
lobectomy,37
ion,1
Nagasaki,2
identifying,1
glioblastoma,1
pan,1
Co-IP,1
DLBCL,1
One-hundred-and-fifty-three,1
infrared,1
atherosclerotic,2
specialists,2
painful,1
18G,1
OncoSim-Lung,1
[cm3],1
glandular,1
w-ICG,2
reevaluated,1
-2,1
proband's,1
peritumoral,1
diets,1
2014-31,1
p-iPPFE,1
biomarkers,1
PM,1
RM,1
SM,1
textual,1
LM,7
MM,5
Monte,1
non-cancerous,2
BM,15
CM,1
DM,3
BL02,1
morphometric,1
Americans,1
accounts,1
Target,1
lipase,1
five-stage,1
CARET,1
NCI's,1
histopathologic,1
nM,1
GSE72094,2
JSCH2019K-011,1
ALK,10
directions,1
mortality,16
catheters,1
met,5
GSE18842,2
Santa,1
limit,2
built,1
cultured,6
concentration,3
Dietary,1
gliomas,1
preparing,1
PDL1,1
report,7
"non-small-cell,1
detection,7
air-lipopolysaccharide,1
TC2N,4
induce,1
Nagoya,1
undergoing,36
GGNs,2
bi-directional,1
failure,4
marker,1
fingerprints,1
IPF,4
pneumonectomy/lobectomy,1
joint,2
CARS,1
SCOPUS,3
organization,1
anti-cancer,1
bronchoscopy,6
reintubation,1
zoledronic,1
European,4
papillary,2
Staging,1
Retrieved,1
FTIR,1
Ovid,4
ozone,2
colonoscopy,3
TSA,1
USA,4
nontoxic,1
viscosity,1
usage,1
CD3EAP,1
prisma,1
non-prostate,1
simulated,2
erlotinib,11
sublobar,4
inverted,1
radiographic,1
P2RX7,1
Retrospective,10
radiolabelled,1
neoplasm,3
immunovirotherapy,1
MedLNs,1
vessels,2
SATB1,1
DEmiRNAs,1
Epidemiology,37
operations,1
inpatient,3
TNBC,4
England,1
family,6
gastro-intestinal,1
retrieved,20
cullin,1
[ZP],1
selectivity,1
PAQR3,1
Edition,1
recognition,2
leading,1
lysates,1
prognostic,14
guided,3
131I,1
LCLC,1
LHQW,2
starvation,1
Clinicopathological,1
295-,1
Switzerland,1
FDG,1
employing,1
64Cu-Macrin-a,1
check,1
albumin-based,1
PubMedÂ®,1
symptom-based,1
Direct,2
phases,2
scanned,2
protocol,3
cancer-specific,5
GATA6-AS1,2
readmissions,1
false,1
sorting,1
Substudy,1
convolutional,2
low-speed,1
blocks,1
Frozen,1
PLKs,1
PCS,1
smoke-induced,1
0-3,1
1-3,2
2-3,1
Atlas-Lung,2
translational,1
Markers,1
ABO-compatible,1
Twenty-four,2
sets,8
Docetaxel,1
STS,1
minutes,2
WTS,1
Romo1,1
Khanum,1
challenging,1
T2DM,2
biodegradable,1
masks,2
passage,1
tumor-adjacent,1
reconstructed,2
tirabrutinib,1
T2-T4,1
CD19-28Î¶,1
chromatographic,1
preferred,2
racial,2
tuberculous,1
patients-lung,1
PALN,1
trajectory,1
grading,1
Scholar,5
transitions,1
964,1
fibroblast,2
collection,4
Hiroshima,1
EGFR-TKI,4
Readmissions,1
TNIK,1
Meta-Analyses,1
Items,2
protein-protein,1
informal,3
Audit,2
transfected,4
Treatment,4
Radiological,1
ASAs,1
size-zone,1
SQCLC,1
update,1
immunocompromised,1
18th,2
fibrosarcoma,1
microwave,1
peritoneal,3
introduced,1
NCD,1
PS2,1
CQOLC,1
physician,1
Adult,3
hypertension,3
-15Â°C,1
gaps,1
[API],1
sensitizer,1
matching,2
automate,1
sub-solid,1
background,2
Î²-arrestins,1
Î¼Ci,1
PD-1/PD-L1-inhibitor,1
analgesic,1
expectations,2
Phytochemicals,1
Hospitalet,1
switched,1
StudiES,1
vital,1
Agence,1
PanCan,1
ICD-10,1
LINC00173,1
pharmacokinetic,1
similarity,1
non-small-cell,11
eighth,2
iPSYCH,1
vemurafenib,2
CircRNA0001859,1
influenza,2
120,3
Milan,1
expression,163
helium,1
trilaciclib,1
measurement,2
precursor,1
Renal,1
CREATE,1
19del,1
quasar,1
Community,2
instilled,1
anti-proliferative,1
French,6
morphol-ogy,1
inter-laboratory,1
reporter,3
profiled,2
intended,1
cm-ICG,2
idiopathic,2
query,1
proliferation,16
3-weekly,1
Periodical,1
receptors,1
89Zr-oxine,1
HDP,1
chosen,1
initiation,1
USCS,1
geographically,1
qualifying,1
DDP,1
relapse,2
Infrared,2
Lahore,1
CanPatrolâ„?1
II,17
outline,1
roles,4
c-iPPFE,1
AI,2
Fourier,3
deliver,1
696,1
U-VATS,1
NHIS,1
metformin,1
18F-fluorodeoxyglucose,1
compare,10
populations,4
expert-devised,1
GMPF-siIDO,1
lesion,7
rat,2
Umbrella,1
St,1
AJCC,4
H1299,7
Unique,1
neodymium-boron-iron,1
PCNs,1
Facilities,1
CABG,1
clinics,4
GDF15,1
pendrin-null,1
CRS/HIPEC,1
suggested,1
IH-LPS,1
EBUS-TBNA,6
hotspot,1
animals,1
non-radical,1
community-based,3
independent,11
overlapping,1
knockout,1
tri-WBS,1
Seventy-four,1
MCMonaco,1
CD81,1
LINC00501,2
reports,4
Trial,6
India,2
pN1/pN2,1
NTBL,1
driver,3
healthcare,5
rearrangements,1
520-gene,1
NT-proBNP,1
CA4,1
evaluation,5
intercostal,1
paclitaxel-resistant,1
maternal,1
1-Î¼M,1
JC-1,1
authors',1
endometrial,2
medicinal,1
occurrence,4
Republic,2
/lung,1
curable,1
immunological,1
SMPC,1
BalÃ§ova,1
definite,3
immunophenotyping,1
TNS1,1
ir-D/C,1
granted,1
ABHD5,1
next-generation,8
anti-tumor,1
March,57
domains,2
hypothetical,1
MPMNs,1
shade,1
dyspnea,1
full-count,1
design,5
immunoassay,1
Databases,3
E746-A750del,1
nonproductive,1
texture,1
SEM,1
pleuropulmonary,1
control-to-case,1
Sera,1
Nivolumab,2
LHC,1
contrast-enhanced,4
distant,6
M-VATS,1
simvastatin,6
Denmark,2
tanespimycin,1
VCV,1
Department,14
xenografts,2
people,4
yttrium-90,1
consecutively,5
granuloma-like,1
en,1
rats,5
stages,7
regulations,1
PPS,1
TPS,2
ascertain,1
LPS,1
MPS,1
total-body,1
GPS,1
common,3
flaps,1
vivo,11
PD-L1,26
mice,29
infarction,1
Mutation,2
East",1
options,1
spontaneous,3
PLC,2
topical,1
System,5
transcription-PCR,1
notification,1
target,12
Seventy-one,1
reduction,1
MLC,4
preregistration,1
124,2
324,4
length,1
GSE147507,1
Sanger,3
deficiency,2
lymphoid,1
1988-2014,1
HAI,1
box,1
[MTV],1
antiangiogenesis,1
IMTG,1
Flatiron,2
age-standardized,1
Uro-oncology,1
domain,1
YTHDC2,1
GGO,1
established,19
pig,2
robotic,1
early,1
Systems,3
Markov,3
skill,1
exome,3
2003-2011,1
lactic,1
LC-only,1
level,17
Longitudinal,1
cytometric,1
ALK-directed,1
1/Programmed,1
staging,8
Clinic,5
ICB,1
overexpression,2
MFLC,1
microdissection,1
poisoning,1
set,15
summarizes,2
HCS,1
organotypic,1
August,26
efficiency,2
select,1
addressing,1
childhood,1
twelve,1
I-IV,2
NLR,2
anti-Stokes,1
combining,1
T1a-b,1
retrospectively,182
James,1
photon,2
Xinhua,1
Circ-LARP4,1
Pemetrexed,1
measured,14
Neurology,1
microRNAs,1
simulations,2
estimate,7
histologically,6
Archival,1
>500,1
toxicities,1
arrays,2
Service,6
dose,19
pathways,2
L-ADC,1
platforms,1
treatment,81
LND,1
lineal,1
steatosis,1
interface,1
genotyping,3
EGFRI,1
genotype,1
multiportal,1
two-stage,3
nanoparticle,2
,11607
transcriptome-clinical,1
voice,1
America,1
PEG-PLA,1
frozen,2
MU,1
SW620,2
TCMSP,1
parallel,1
EU,1
markers,5
non-IMA,1
affiliation,1
C57BL,1
4-drugs,1
III-pN2,1
tablets,1
studied,16
resonance,2
BIOSIS,1
18F-FDG-avid,1
Resectable,1
Ventilation,1
FADS1,1
48-96,1
pigs,4
SEC31A,1
Ovarian,3
noise,1
gauged,1
01/2015-08/2019,1
â‰?3,
â‰?14,
scholar,1
SqCC,1
clarify,2
Genotype-Tissue,3
non-cancer,2
logical,1
professionals,1
conventionally-fractionated,1
event,2
healing,2
Real-time,4
assessed,27
lineage-associated,1
cT1aN0M0,1
transcription-polymerase,4
items,2
transform,1
knockdown,2
Monaco,1
never-smokers,2
glioma,1
inhibiting,2
radically,2
anti-inflammatory,1
home-built,1
hilar,1
glutamate,1
case-control,20
clone,1
ICG,1
mg/L,5
LHMC,1
DCF,1
abilities,1
spectrometry,1
wheeze,1
ORR,1
biologically,1
Europeans,1
PTX-control,1
German,3
Quebec,1
progressed,4
sources,3
exclusive,1
Hebei,1
private,1
edition,4
lungs,5
critically,2
RT-qPCR,11
afatinib,1
RFA,1
SARS-CoV-2,5
Tissue,6
transdiaphragmatic,2
thin,1
donors,4
percentage,3
PLG,1
located,4
TLG,1
scaffold,1
vehicle,1
locations,1
double-blind,6
NCSLC,1
Cavin3,1
complicated,1
PCa,1
electronically,1
Controlled,4
stemness,1
matched,20
BCa,2
integrated,4
knee,2
QLQ-LC13,1
LAM,1
inflammation,2
surveys,4
endostatin,1
identification,3
random-effects,1
carrying,1
ultrasound-guided,1
helper,1
PPN,1
transcript,3
353,1
KT,1
monitor,1
Professionals,1
position,1
Diskus,1
safety-net,2
GSE40275,1
histologic,4
bronchial,10
mesothelioma,5
LDH,3
double-blinded,1
function,11
decline,1
metalloproteinases,1
EDs,2
2-bromo-1-,1
Qingdao,2
miR-335-5p,1
Particles,1
inflammatory,5
thirty-two,1
1998-2008,1
investigates,1
forms,2
six-year,1
traces,1
OSEM,1
credibility,1
Blood,1
multicentre,11
secondary-important,1
1968-2017,1
immunoprecipitation,5
particle,5
IHC,7
farming,1
audit,1
mesothelial,1
acquire,1
NGS,13
Consumer,2
Cost,1
client,1
unique,2
demographic,6
signal,1
Leukemia,1
anal,1
EUS-guided,1
diameters,1
Studies,3
Kong,1
BMI,6
transplant,3
Capital,1
Cohort,7
Multiple,1
reaction,40
robustness,1
adult,15
unstable,1
dealing,1
formalin-fixed,3
Transform,2
MMP11,1
6-MV,1
kinds,1
satisfaction,1
combination,8
TBLC,1
nanodispersion,1
RET+,1
diagnoses,3
GSEA,1
BFDP,1
trial,41
consultation,1
rabbit,1
specializing,1
glycolysis,2
nanorod,1
diagnosed,108
face-to-face,3
targeted,9
moiety,1
[CCs],1
Forty-five,1
renal,2
biopsy,14
oropharyngeal,1
iPPFE,2
Manitoba,1
model,46
GI,3
TAMs,2
multiplex,2
Sprague-Dawley,1
autologous,2
ages,5
path,1
â‰?6,1
distributed,5
SLND,1
plan,3
Internet,1
categorized,3
radiomics,1
embryoid,1
QGP-1,1
occurring,1
4ÔÂ9ÈÕ,1
indexing,1
jet,1
hematoma,1
peak,1
applied,9
58-gene,1
Public,1
ischemia,1
link,1
discussed,2
2a-g,1
Disorders,1
undertook,1
MCF7,2
superoxide,1
post-resection,1
epidemic,1
sunitinib,1
acute,5
HDACs,1
anti-PD-1,4
key,4
upfront,3
1002,1
site-specific,1
Current,2
TCGA-LUSC,1
British,1
coaxial,1
Screening,5
HER2,2
quantifying,1
GQ,1
Kit,2
Cytology,1
subgroup,2
LINC00511,2
Biopsies,1
Bioreactor,1
trainees,1
Excel,1
Mortality,1
Municipality,1
Centre,5
dexmedetomidine,1
LOC146880,1
rotation,1
lymphangiogenesis,1
dynamic,6
nonsimultaneous,1
size,9
pneumomediastinum,1
DIIÂ®,1
mutation,29
nodes,5
subjected,4
osimertinib,1
ventricular,1
Experts,1
system,19
subcohort,1
smoking-matched,1
ESTS,1
gender-,1
melanoma,12
CSC-LCs,1
e-survey,1
values,3
ASV,1
patient's,2
checkups,1
bed,1
Assistance,1
sequence,4
providers,1
Study,21
pT1-2N0M0,1
â‰?0,1
Rankings,1
IgAV,1
NOVA2,1
Unit,2
NSCLC-LM,1
3D-T1-MR,1
PBX1,1
normalization,1
]PF6,1
Targets,1
loss,3
optimisation,1
coded,2
systems,3
unit,7
ctDNA,3
average,7
cause-specific,1
codes,3
skin,4
continuous,1
syncope,1
intelligence,2
Global,2
telemedicine,1
2009-June,1
Twelve,1
anti-PD-1/L1,2
focus,5
inactivation,1
Low-level,1
consent,1
arterial,2
CTCL,1
resident,2
aggressiveness,2
atypical,1
EBUS-GS,1
eighty-one,1
secretion,1
QoL,1
chemoradiation,3
lipomatous,1
alterations,2
invasion-after,1
nutritional-enhanced,1
Plasma,1
RAGE,2
htSNPs,1
TMPO-AS1,4
Chinese,27
chain,37
ethnically,1
siblings,1
score-matched,2
monocytic,1
NCT0298110,1
limb,1
genetic,11
stable,1
CTX,2
DTX,1
FISH,1
multi-arm,1
assay,55
8-,1
ChiCTR1800019808,1
subgroups,4
1-,1
3-,1
4-,1
hereditary,1
4th,1
MEN1,1
harbour,1
White,2
shift,2
CTBP1-AS2,1
attended,3
methylated,1
resistant,3
distributions,1
articles,11
diagnosis,28
aspirates,1
ADAM10,1
nutritional,6
Ovid-MEDLINE,1
gross,1
Coherent,1
minimum,1
creation,1
STAS,1
two-port,1
Catholic,3
miR-4677-3p,1
GSE80344,1
miR-99b,1
AE,1
exons,1
Spring,1
propensity,6
institutions,7
locoregional,2
01/2002,1
ICS,1
LCS,4
ATC,1
Methylation,1
DTC,1
datasets,24
enable,1
chemotherapeutic,2
MVECs,1
Google,6
harbors,1
NCT02039674,1
III,22
cisplatin-containing,1
copy,3
burden,2
Prostate,3
Rotterdam,1
DLD1,1
DDX49,1
soft,3
adaptive,3
metabolic,5
features,12
ventilated,1
microarray,15
volunteers,5
Nucleic,1
â‰?,1
consists,1
KLT,1
diffuse,1
expected,2
ALT,1
Smoking-related,1
DLT,1
scientific,3
info,1
27th,1
H727,1
thoracoscopic,13
property,2
Task,1
effectiveness,4
stem,7
previous,9
visit,2
circular,1
fourth-line,1
experienced,3
morbidities,1
task,1
resilience,1
tracking,2
6/30/16,1
atmospheric-pressure,1
Cancer-VTE,1
Descriptive,2
syndrome,3
mCRC,2
multi-center,1
CUDC-907,1
latent,1
genes,33
Factor,1
association,13
Symbia,1
KPSC,1
occupation,1
bradykinin,1
confounding,2
pilot-tested,1
albino,1
CMD-related,1
cells,117
progressive,4
Checkpoint,1
Triage,1
death-ligand,2
individual,2
Karnofsky,1
Day,1
Reviews,3
TGF-Î²1,1
users,1
single-agent,1
-5Â°C,1
effusions,2
motif-containing,1
inhabitants,1
Auburn,1
prediction,4
COSMIC,1
downloaded,13
record-based,1
squared,1
repeat,1
4-Oct,1
convenience,1
day,7
metaanalysis,1
glasswork,1
TOC,1
Medication,1
beneficiaries,1
Institutional,2
inappetence,1
CTCs,2
Giulia,1
DE,1
regulatory,1
replanned,1
Eighty-nine,2
Serum,5
SABR,2
Questionnaire,3
MDTs,1
evaluate,21
ATGL,1
2011-May,1
bipy,3
gut,1
functional,6
morbidity,4
wards,2
pre-existing,1
palbociclib,1
thymol,1
carcinoma,32
blood,17
intravenous,2
equally,2
Ohio,1
approach,13
cisgender,1
Survey,8
peptide,1
registered,8
workflow,1
DDLPS,1
cis-[RuCl2,1
post-NLR1,1
Marseille,1
interaction,3
studies,56
inhibitor,7
Advantage,1
print,1
capital,1
cohort,136
multiple,16
â‰?,2
â‰?,1
antagonist,1
ERRs,1
2008-September,1
miR-887,1
VEGF,1
terminally-ill,1
hyperlipidemia,1
high-throughput,2
major,11
ChIP-seq,1
fine-needle,1
ESCCs,1
81-year-old,1
2-week,1
DMSG,1
composed,2
registration,5
simultaneously,3
kcal,1
coupled,2
Patients,88
derive,2
sputum,1
utilized,8
sintilimab,2
nanoparticles,6
P-Rex1,1
growth,7
formula,1
constituents,2
1990-2015,1
RNA,22
municipal,1
Llobregat,1
infection,7
DLEU2,1
DNA,15
computer-aided,1
conjunctival,1
ATRA,1
bivariate,1
therapies,9
comprehensively,3
Georgia,1
qualitative,3
gemcitabine,4
examined,38
distinct,1
embryonic,2
IIM,1
internet,2
methodologies,1
days,11
stably,1
altered,1
pericardium,1
street,1
public,6
Thymomas,1
affinity,1
co-culture,2
crossover,1
two-sample,1
PMP,1
RNA-FISH,1
infusions,1
cases/265,1
lead-in,3
selective,3
node-negative,1
Medicine's,1
229,2
[18F]-FDG,1
3-month,1
CISP,1
AKIP1,1
metabolomics,1
current,12
EBUS-guided,1
GrB,2
XPC,1
cBioPortal,2
RAS,1
Kyushu,1
CD4,2
Radiosurgery,1
Anxiety,1
MPC,1
biopsies,9
UMIN000003557,1
II-III,3
FCT,1
ward,1
interstitial,3
DATA,1
nanocarriers,1
LCL161,1
centre,6
TUH,1
aneurysms,1
convergent,1
Bangkok,1
Udine,1
caregiver,1
SK-MES-1,1
shipyards,1
university-affiliated,1
ventricle,1
â‰?0,1
Centers,3
distribution,8
SSN,1
OLs,1
Wan,1
atteintes],1
end-to-end,1
paired,14
propensity-matched,1
assessment,6
ANZDATA,1
appointment,1
SPUTNIK,1
half-dose,1
ERBT,1
correlational,1
fluorescent,2
Healthcare,3
miRNAseq,1
study,393
RNAs,1
CRA,1
genito-urinary,1
CHT,1
globulin,1
Ageing,1
Tomography,1
arm,10
T790M-,1
hard,1
6-month,1
minimum-MU-per-energy-layer,1
immunosorbent,3
Seventy-six,1
Dispersive,1
optional,1
Adenocarcinoma,3
preceding,1
Atherosclerosis,1
e-cig,1
ECAR,1
Head,1
demonstration,1
prodrug,5
global,4
Genomic,5
A/Wuhan/H3N2/359/95,1
Associations,1
laryngeal,7
performed,127
Women,2
out-of-field,1
Online,1
viewed,1
real-time,32
Reporting,2
head,5
cN2,1
humans,1
insulation,1
cytometry,13
intracerebral,1
LINC00520,1
Norwegian,3
markers,1
False-positive,1
non-asthmatic,1
miR-139-3p,1
ubiquitin-related,1
Cochrane-Library,1
programs,2
projected,1
LuCaReAl,1
bothersome,1
Medical,32
instability,1
Families,1
LS174T,1
STP,1
diabetes,5
Smac,1
LTP,1
Fifty-three,1
TMEM107,1
DTP,1
BRCA-associated,1
Cisplatin-resistant,1
final,1
selected,22
SUKSES,1
randomized-controlled,1
NY,1
CD8,1
thiobarbituric,1
existing,2
LCSPM,1
migration,17
lobectomies,4
crystallinity,1
white,1
SEER-9,1
gold,3
non-communicable,1
Latin,1
post,1
proteomic,2
solvent-free,1
cfDNA,1
establish,6
host,1
doublet,2
QD,2
lost,2
SD,2
approaches,2
cost,1
MD,3
patient-reported,2
AD,3
HSPCs,1
2001-2016,1
eighty-two,1
yD,1
MSNs,1
omics,1
area-matched,1
macrophages,3
RelB,1
DCIS,2
Control,2
spread,1
1ÔÂ10ÈÕ,1
4ÔÂ10ÈÕ,1
ESTIMATE,1
Tzu,1
provided,4
NSCLCs,5
Trousseau,1
generate,1
short,1
statuses,1
[2005-2014],1
95D,1
age-specific,2
Viva,1
composite,3
persons,4
Otolaryngology,1
prostate,20
GSE33532,2
1D,1
2D,2
3D,6
magnitudes,1
learns,1
porcine,1
MTD,1
intermittent,2
Micelles,1
YLL,1
MTAP,1
1970-2014,1
facile,1
responsive,1
Regions,1
4-1BB,1
assayed,1
heart,6
Clinico-Genomic,1
miR-125b,1
Dietitian-assigned,1
Planning,1
hematopoietic,1
paper,2
waived,1
scalpel,1
marking,1
sorafenib,1
OAR,1
CAR,3
pre,1
discovery,6
agonist,2
Connor-Davidson,1
linkages,1
images,15
airways,1
explored,8
fraction,6
L363,1
ECMO,1
LINC00491,1
558,1
Array,1
tree,2
grades,1
Index-Cancer,1
senescence,1
chips,1
leaves,2
[ALKI]/chemotherapy,1
2001/1/6,1
factor,5
free,2
heavy,1
N1/N2,2
properties,5
de-identified,4
interventions,1
interleukin-2,1
Cochrane,45
Islet1,1
queried,8
patterns,5
85,5
silico,1
glottic,2
capacity,1
>5,1
dose-volume,1
receive,15
35,9
55,11
75,7
OPSCC,1
York,2
cotton,2
prevent,1
CINV,1
veterinary,1
triage,2
claim,1
HCC827,1
subtracting,1
2016-2018,2
2016-2019,1
1/2016-3/2019,1
2016-2017,1
Sloan,2
anticoagulant,1
bilateral,2
regression,8
toxicity,4
compression,4
ICI-related,1
ethical,1
micro,1
30-day,2
rs1690924,1
mixed-methods,1
1-f]purine-2,1
2011-2015,1
southern,1
PANDAR,1
staged,5
Nationwide,2
PBMCs,3
saikosaponin,1
CDx,1
serum,17
adapted,2
endothoracic,1
irinotecan,1
component,4
EUS-FNA,2
miR-409-3p,1
Tyumen,1
implementing,1
malignant,13
edgeR,1
calendar,1
oncological,5
cryoconserved,1
Japanese,5
non-Sq,2
â‰?0,1
â‰?0,1
assured,1
Impact,1
immunoblotting,2
Cox,8
banks,3
controlling,1
AGC,1
coronavirus,1
2ÔÂ4ÈÕ,1
Cancers,1
computer,1
anti-PD-,1
Shandong,1
empty,1
Stroke,2
circ-LARP4,1
afatinib,3
HOTAIR,1
MTT,13
5-methoxy-2-methyl-3-indoleacetic,1
photothermal,2
non-randomized,2
H1975,4
PL,1
Risk,4
non-COPD,1
Center-The,1
radial,2
non-immune,1
mentors,1
return,1
incidence,13
isolation,1
HepG2,2
laparoscopic,3
pathophysiology,1
non-Hodgkin,4
risk,24
education,2
265,1
565,1
Sweden,2
play,1
plasm,1
-25Â°C,1
EBs,1
precipitated,1
sphere,1
generation,3
anti-PD1-treated,1
TPEF,1
separate,2
notoginoside,1
Taichung,1
bioinformatics,6
LINC02323,1
TCMID,1
Integrated,1
registry-based,1
reviews,4
moderately,1
LCO,1
translocation,1
neck,4
CBCT,3
diagnostic,12
poly,2
activity,7
RNA-sequencing,2
DREAM,1
circNFIX,1
VDC,1
TLDAs,1
District,1
annotation,1
DEmRNAs,2
COVID-19,22
nephrectomy,2
systematic,38
microbiology,1
chemoradiotherapy,11
Wuxi,1
veno-venous,1
2009-2017,4
age-,7
Kejinyan,1
principal,1
convened,2
http,1
Manchester,1
exam,1
localized,2
221,1
T1-4N1-3M0,1
stratification,1
FAP-4-1BBL,1
acting,1
racially,1
CAFs,1
circPRKCA,1
elective,4
English,9
non-HCV,1
cytoreductive,1
website,1
206,1
506,1
anaplastic,2
344SQ,1
Fifty-seven,2
urinary,1
#NAME?,1
yield,2
specific,5
preliminarily,1
nonmetastatic,1
nonrandomized,2
rearrangement,1
ddPCR,1
CD68,1
STTs,1
Transplant,3
income,1
end-point,1
SG,3
fear,1
miR-4497,1
thin-section,2
chaplains,1
lists,1
wk,2
centers,22
respiratory,11
symptom,1
timing,1
COPD-diagnosed,1
antimicrobial,1
alpha-smooth,1
Germany,2
volumes,1
Scheme,1
Randomised,1
inhaled,2
mouse,13
Field,1
South,2
NHL,2
blue,1
real-time-PCR,2
differentially,19
allograft,1
SMR,1
P1,2
T1,2
Therapy-General,1
homes,1
sex-specific,1
informed,1
N1,3
QLQ-C30,2
algorithms,2
B1,1
high-dose,2
end-inhalation,1
membrane,2
<18,1
xenograft,6
>18,1
observing,1
[18F]FDG,1
HER2D16,1
portions,1
Thirty-four,1
funded,1
women,13
extent,2
Calmette-Guerin,1
online,8
Retirement,1
CTEPH,1
modification,1
5-FU/cisplatin,1
Squamous,1
N-ERAS,1
November,23
activation,1
INPULSIS,1
cachexia,2
neoplasms,3
anti-thymocyte,1
Inflammatory,1
fifty-one,1
tumor-targeting,1
Scopus,8
81,2
mimetic,1
FGG,1
registers,1
non-blinded,1
21,13
41,8
61,5
2002,5
hospitalised,1
SEER-CAHPS,2
medical,36
NHBE,1
chemo-naive,2
ground-glass,3
rs25487,1
initiated,4
TTA-A2,1
MSLT,2
plastics,1
Rapamycin,1
ligand,5
CCK-8,8
anxiety,1
PROMs,1
PAI-2,1
MMP,1
NSCLC-BM,1
pair,1
4-triazole-3-thione,1
consisting,2
clinicopathologic,2
algorithm,5
video-assisted,6
uninsured,1
miR-150,1
Panax,1
GPC3-targeting,1
meridian,1
ischemic,1
Silicone,1
epithelium,1
[U-13C]-glucose,1
Tumors,2
co-exposure-transformed,1
Commons,1
Miyagi,1
Intevo,1
specificity,1
RCC,4
SCC,9
Providers,3
sequelae,1
spheroids,2
CTs,1
control,31
hospitals,23
propofol,1
Institutes,1
extreme,1
Nanyang,1
settings,3
retrieval,2
trend,1
SMRs,1
MGST1,1
T1N0M0,2
diagnosing,1
polyglucose,1
residents,1
metastasectomies,1
[ALK],1
nintedanib,1
engrafted,1
biological,8
inter-tumour,1
record,3
hepatoblastoma,1
multi-institutional,4
SHARE,1
BoM,1
CLPTM1L,1
high-resolution,2
agent,2
Flow,1
self-assembly,1
ILD,9
PLCO,5
Katsura,1
innovations,1
KYSE450,1
KYSE150,1
RECIST,1
mid-treatment,1
lung-specific,1
AuNP@mSiO2@DOX-ZnO,1
planning,2
flow,14
0-30,1
medium,4
beacons,1
pan-cancer,2
Cyclin,1
co-treated,1
NYU,1
BODIPY,1
thermogravimetric,1
matter,1
harboring,4
<50,1
radiology,1
14-day,1
rejected,1
250,2
450,1
750,1
incurable,1
Anesthesia,1
phone,1
all-cause,1
Texas,1
recruited,33
epidermal,3
multicenter,26
unirradiated,1
operable,1
actin,1
IV,22
plasma,14
Italian,2
DLCDP,1
-20Â°C,1
1975-2016,1
bypass,1
adjustments,1
autopsy,1
circEPSTI1,1
glass,1
ARMS,1
accuracy,3
utility,1
randomization,1
CGP,2
nephrology,1
curve,2
PCNSL,1
dose-expansion,2
appearing,1
Brazilian,2
SCCs,2
medium-dose,1
arsenic,1
GL,1
epithelioid,1
Gy/fraction,1
definition,3
Traditional,1
cN-II,1
colitis,1
mapping,1
histograms,1
conditioned,2
candidate-based,1
institution,33
daily,11
symptoms,9
autoimmunity,1
gefitinib-sensitive,1
reproduced,1
Pharmaceutical,1
accepted,2
situ,5
thyroidectomy,1
noncancerous,1
Surgery,7
extracerebral,1
Africa,1
BRFSS,1
ARRAY,1
polymerase,31
HER2-positive,2
regard,1
Âµg/mL,1
Microarray,1
consensus-driven,1
questionnaires,9
regions,3
transcriptome,3
citations,1
impact,10
materials,1
3L,2
5L,2
STRA,1
examination,3
cancers,21
infiltration,1
lytic,1
PRISMA,6
stroke,3
luciferase-Lewis,1
III/IV,1
CTL,1
LCM,2
Resilience,1
spine,1
SSc-ILD,1
Coping,1
single-nucleotide,1
MIR,1
Statewide,1
subsequent,2
array,2
EGFR-TKIs,7
I-II,3
FHDH,1
disorders,2
GVHD,1
web-based,2
validated,11
copolymers,1
electronic,17
4DCBCTs,1
MET,1
CNKI,13
promising,1
tomography,18
visibility,1
Copenhagen,1
Nineteen,1
MiR-1307-5p,1
Allicin,1
Portugal's,1
shRNA#33,1
Pairs,1
Individual,1
stromal,1
circ_0000376,1
self-referral,1
BCG,1
salvage,4
prospectively-maintained,1
high-quality,1
characterized,9
paclitaxel-sensitive,1
16-83,1
December,101
cytologic,1
body,9
OVX,1
solution,3
Neuroimmunology,1
sequenced,1
certified,1
cycles,14
replanning,1
Tissues,1
lung-sparing,2
DOX,3
optical,3
early-stage,4
repeated,1
29-question,1
thicknesses,1
examinations,7
DUXAP8,1
immune-stimulator,1
Northern,1
CRD42017080968,1
cardiothoracic,2
Hospital,73
convolution,1
screen,4
Forty-one,1
elderly,6
locally,13
Carcinoma,2
CSS,1
whey,1
Wiley,1
femoral,1
polylactic,1
concomitant,3
pSS,2
managing,2
Female,1
vitro,21
TIMER,1
proved,1
conformal,1
HPs,1
VL,1
amplicon,2
NPs,4
plate,1
recurrent/metastatic,1
154,1
GPs,2
554,2
754,1
LASP1,1
Ultra-high-performance,1
preserved,2
PDI,1
nontumor,3
Sixty-seven,1
5-member,1
SIRs,1
Ninety-four,2
LC-COPD,1
patients',7
Acute,1
proportional,5
anonymous,2
scattering,3
cholesterol-PEG,1
microsomes,1
miR-147b,1
BON-1,1
obstructive,5
scheme,2
Cisplatin,1
gastrectomy,2
collapsed,1
IHD,1
âˆ?00,1
chondritis,1
surrogate,1
R-CNN,1
NAs,1
strain,1
weight,3
Niigata,1
serial,3
17-AAG,1
resections,5
quantify,1
dose-mean,1
SNHG20,1
malignancy,4
PDK1,1
post-anlotinib,1
miRNAs,7
multifunctional,1
minimal,1
retrieving,1
rectum,2
activities,2
TGFÎ²2-stimulated,1
JUNIPER,1
elongation,1
socioeconomic,2
time-polymerase,1
FCFRT,1
multivariate,2
sites,5
410,1
TTNBs,1
comparative,7
scan,7
Eligible,2
PBMC,1
YPLL,1
effusion,9
miR-376a,1
PRE-D,1
mediator,1
transbronchial,2
Death,2
Province,1
hemangioendothelioma,1
Functional,1
CLL-1,1
MB-231,1
pharmacology,1
reserve,1
miR-1271-5p,1
exclusion,3
oophorectomy,1
Scotland,1
nerve,2
Friendship,1
Disease,3
receiving,22
Lipopolysaccharide,1
60s,1
T1-T4,1
T1-T2,1
development,3
X-rays,1
dose-escalation,5
COronary,1
filled,3
characterize,2
AEs,2
6-diamidino-2-phenylindole,1
Dental,1
986,1
Covid-19,1
ST-ICI,1
panels,1
LyP,1
define,1
mobility,1
192,1
pH,2
oxidative,1
SYNE3,1
PICC,1
Union,2
demographics,1
participates,1
status,20
mesoporous,1
lncRNAs,5
ROS1,2
gefitinib,1
postmortem,1
Distribution,1
determined,21
Proteomic,2
produced,1
female,10
chemosensitivity,2
DUS4L,1
probabilistic,1
tumors,40
1990-2016,1
Ë‚150,1
cluster,1
3DCRT,2
NOAF,1
Medicaid,2
France,6
8H,1
cigarette,3
smoke,2
xerostomia,1
mitochondrial,1
3H,1
stratified,7
portal,3
es,1
kg/m2,1
Kerman,1
cytoplasmic,1
personal,1
insurance,3
multi-cohort,1
calcitriol,1
Behavioral,1
two-step,1
T-cell,2
microRNA-409-3p,1
APL,1
finally,1
Atlanta,1
siRNA,3
testing,11
pneumothorax,1
Siemens,2
material,1
California,4
categorizing,1
profiling,7
post-NLR3,1
sCD155,2
Out-of-field,1
panel,13
Veterans',1
PSW,1
differences,7
Meta-Analysis,1
endoscopic,1
incubation,1
fusion,3
predefined,1
NSW,1
Sapporo,1
pack-year,1
Journal,2
freshly,1
paper-based,1
prevalence,4
resting,2
FPRP,1
resolved,2
cytology-proven,1
administered,8
TGFÎ²/SMAD2,1
chronological,1
impacts,1
laboratories,3
hypoxia-control,1
CD276,1
[99mTc]NM-01,1
functionality,1
99,5
mononuclear,2
29,9
49,3
PFNA,1
DEB-BACE,1
Baseline,2
CCPs,1
Urinary,1
pleural-,1
healthy,25
combinational,1
Philippines,1
SIGLEC,1
susceptible-infected-removed,1
refractory,1
blot,20
TBB,1
CIMAvax-EGF,1
Latino,1
Caregiver,1
TCM-herb-meridian,1
"Clinicaltrials,1
underwentgone,1
Iron,1
Cytotoxicity,2
transport,1
Ontario,5
Non-small,1
vastus,1
alarming,1
consolidation,1
reducing,1
transporter,1
320,2
GTEx,5
iron,2
committee,3
offered,1
E2F3,1
ultrasonographic,1
recommendation,1
fluid,2
uEXPLORER,1
ampullary,1
re-,1
ICRT,1
aortocaval,1
fistula,1
Bergamo,1
miR-27a-3p,2
denoise,1
T1N0,1
SEER-Medicare,3
LS-SCLC,1
role,9
Literature,4
-dione,1
specimens,33
PPLs,2
miR-384,1
Gleason,1
414,1
Anderson,3
treatments,5
died,1
SDDRO,1
sexes,1
concentration-time,2
Fudan,1
standardized,8
irradiation,1
surgery,66
lepidic,1
prescription,1
I-IVA,1
Î¼CT,1
fibrosis,2
Symptom,4
Beijing,3
Scale-Revised,1
RKIP,1
CNN,2
mobile,1
DrugBank,1
myeloma,3
luciferase,2
ratios,6
RTqPCR,1
RCT,2
Scale-10,1
HCT,1
ICT,1
exon,4
Cochrane's,1
NCT,7
Process,1
Luciferase,1
LELC,5
scanners,1
gender,5
Resected,1
partnership,1
approved,3
distances,1
outcome,9
unplanned,2
inhibitor-associated,1
â‰¥pT3a,1
phenotype,4
females,3
mCT,1
hydroxy,1
VeriStrat,2
-related,1
haemoglobin,1
fabricated,1
detailed,2
2014-2018,2
knowledge,1
12/2014,1
miR-146a,1
2014-2016,3
PAK1,1
butane,1
ES-SCLC,3
SGC-7901,1
enrich,1
Files,2
sequences,4
SUVmean,1
[enquÃªte,1
societies',1
TKI-resistant,1
Transcriptomic,1
myocardial,1
nasopharynx,1
transition,1
carina,1
pairs,6
Researchgate,1
anti-proliferation,1
links,1
UCSC,1
Brook,1
COS,1
Liverpool,2
microRNA-sequencing,1
mainland,1
proxies,1
ratio,10
docking,1
Dutch,8
PT,2
RT,10
TT,2
CIBMTR,2
WT,3
resection,92
LT,1
cough,2
hazards,3
Trust,1
BT,1
effects,19
DT,1
icotinib,1
versus,9
Qilu,1
Biobank,3
Malignant,1
hospital,50
LC-ESI-MS/GC-MS,1
non-pemetrexed-based,1
PC3,2
Moroccan,2
BPE,2
LINC00261,1
Dusty,1
trimodality,1
intractable,1
upregulate,1
late-stage,1
2004-March,1
alongside,1
illustrated,1
Form,1
wheezing,1
RCTs,10
institute,10
wild-type,1
UVATS,1
Kinase,1
07/2019,1
self-administered,1
binary,1
suitable,1
Grade,1
CPFE,1
modified,5
shRNA#32,1
Incidence,1
relative,7
Results-Consumer,1
stent-related,1
curative,15
numeracy,1
disorder,3
indicators,3
defined,11
H596,1
Lung-RADS,2
chemo-PD1,1
homeodomain,1
Strategic,1
Bacille,1
literature,29
liaison,1
50-75,1
[18F]Afatinib,1
Original,1
multislice,1
systemic,4
PEA,1
middle,1
RSFVH,1
intravenously,5
Patches",1
albuminuria,1
tiles,1
randomized-trial,1
underserved,1
CEA,2
transfused,1
morphological,4
perioperative,4
40-79,1
colorectal,32
Yusho,1
Brier,1
absorbed,1
labels,2
co-occurrence,1
GSE75037,2
Aerolizer,1
mathematical,1
T4atrium,1
V/propidium,2
postoperative,9
parotid,1
ICARE,1
Kaplan-Meier,6
RNA-seq,6
Double,1
Delphi,2
dogs,1
60-75,2
meta-analysis,15
death,21
conventionally,1
province,5
non-coplanar,1
168-gene,1
undertaken,6
Mucosal,1
[2-14],1
lymphocytes,3
RNA-Seq,4
1946,1
comorbidities,3
Chou-Talalay,1
success,2
disease,46
tumor-bearing,2
>280000,1
LTx,1
ICH,1
Kaiser,1
electron,3
BCH,1
NETMHCpan,1
searching,4
neo-vessels,1
particulate,1
SGRT,1
IGRT,1
computer-assisted,1
MVATS,1
Health,39
Dalin,1
SIDA,1
PFS,3
steel,1
dyads,1
GWAS,1
E-R,1
Risky,1
83F,1
PLC+,1
facility,2
IH-CTL,1
EXs,1
Sotiria,1
DFS,2
Incident,1
regimens,7
90-120,1
twice-daily,1
October,20
bacterial,1
TaqMan,2
ALI,1
HCs,1
bodies,2
tracheal,1
miles,1
THBS2,1
knock-down,1
Mendelian,2
histopathology,1
single-stage,1
computer-generated,1
<1,1
stained,2
Rare,1
SOT,1
cisplatin-induced,1
OPD,2
routine,7
3-phosphoinositide-dependent,1
Sixty-five,1
micropapillary,1
Care,1
lipiodol,5
aim,2
statements,1
rare,1
responses,4
People's,5
multicohort,1
Systematic,4
Poisson,1
prebirth,1
significance,5
care,35
slice,1
1997-2016,1
ambient,1
AMMSC-CM,1
deviation,1
share,1
eligible,18
age-matched,2
MSO,2
mTNBC,1
390,1
margins,1
B2-/-,1
supraclavicular,1
recommended,4
in-house,2
commercial,1
DIBH,2
pathologically,10
epidemiology,1
university,6
Plotter,1
leveraged,1
intersections,1
rs1846402,1
S-1,2
miR-519d-3p,1
sensitizing,2
RNA-Fluorescence,1
PyMT,1
unresectable,7
264,1
naive,1
manner,1
bleomycin,1
ACS-NSQIP,1
NSCLC-LUAD,1
baseline,21
Guangdong,2
designated,2
dual-luciferase,1
ipilimumab,3
overview,1
Medline,5
objectives,1
[P,1
initiative,1
recipients,5
intraperitoneally,1
Belgian,1
LBCs,1
SP,2
non-nervous,2
MP,1
NP,1
Friuli-Venezia,1
statement,1
BP,1
inconsistent,1
archival,2
AHNAK2,1
Korean,9
meal,1
percutaneous,1
Berlin,1
3+3,1
Actionable,1
provider,1
Node,2
reactions,1
admission,3
CoV-ARDS,1
moved,1
nicotine,1
includes,6
mLST8,1
system's,1
ablation,1
constraint,1
RBM47,1
nitrogen,1
mode,1
node,12
molecular,15
American,14
MED13L,1
VEGF-C,1
ENB-guided,1
consecutive,59
pre-immunotherapy,1
Healthy,1
RTKN2,1
aberrations,2
TNF,1
NPC,1
objective,5
HAX1,1
anticancer,1
myelosuppression,1
147,2
NCT02775435,1
reprogramming,1
Seventeen,1
near-consecutive,1
17-segment,1
cutaneous,1
proliferative,1
non-lung,2
Stockholm,1
hairpin,1
process,3
One-hundred,1
College,3
TTF-1,1
CERENAT,1
obstruction,1
SAA,1
routinely-collected,1
extend,1
mNSCLC,2
slides,1
AAA,1
70-year-old,1
reason,1
PC-9,2
period,21
demonstrate,2
>1,1
45-46,1
transgenic,3
duodenum,1
RISI,1
SRCIN1,1
sorted,1
viral,1
article,1
RLM,1
miR-212-3p,1
prospectively,27
elevated,3
C-CRT,1
LNs',1
lung-cancer-bearing,1
definitive,6
cancer,1
perturbations,1
Cancer-related,1
insight,1
2003-2015,1
AKT/mTORC1/c-Myc,1
RT-PCR,13
mg/300,1
London,1
54-80,1
UTB-rEBUS,1
pathogenicity,1
murine,1
antigen,3
TumorFisher,1
FinnishIPF,1
Shanghai,7
SCORE,1
planned,3
regulatory-associated,1
AuP,1
participating,7
refinery,1
n-butyl,1
consumption,2
3rd-generation,1
quantitative,36
scored,1
chart,2
maceration,1
posttreatment,1
drug,8
CCRT,1
Questionnaire-30,1
trypan,1
cannabis,3
microparticle,1
browser,1
Islander,1
hospitalisations,1
2003-2016,1
ASC,2
294,2
DSC,1
semi-experimental,1
GSC,1
nCRT,1
cholesterol,1
steering,1
Mar,1
single-port,2
Nck-interacting,1
STARD13-AS/miR-1248/C3A,1
analyzing,5
Based,5
glucose,3
spleen,3
whole-brain,2
immunohistochemistry,28
ROs,1
erlotinib-containing,1
correlated,1
Low,1
Yan'an,1
Western,21
advanced-stage,1
widen,1
bronchoscopic,1
Rapidly,1
nocardiosis,1
APC,1
3CRT,1
CMSAS,1
resected,33
radiological,5
Registry,20
artery,2
accepting,1
+/-,1
proportions,1
GKRS,3
Eating,1
indocyanine,1
mRNAs,3
AKT,2
miR-125a,1
Fifteen,1
lethally,1
solicit,1
decoction,1
involvement,3
uptake,2
aNSCLC,2
spatial,1
circ_0074027,1
dried,1
breathlessness,1
assessing,4
emulated,1
Web-based,1
complex,2
advocacy,1
circRNA,1
estimation,1
TGD,1
divided,22
RA-CTL,1
Cancer,129
Biomedical,4
globally,1
1ÔÂ5ÈÕ,1
AAC,1
lateralis,1
NCI-H1299,1
Reported,1
Practice,2
consults,1
miR-562,1
pressure,1
GEMINI,1
preoperatively,3
FOXA1,1
continued,2
kinase-1,1
surgical,39
separation,2
health-checks,1
purity,1
Energy,1
Singaporean,1
QRT-PCR,2
cholangiocarcinomas,1
dust,1
Multicenter,1
topic,1
multi-functional,1
enlarged,1
Optum,1
PK,1
Cycle,1
MSCTRAIL,1
Stage,9
CVD,2
chip,1
Sciensano,1
Ferritin-based,1
completion,1
double,4
parenteral,2
biopsy-proven,1
error,3
lycopene,1
escalation,4
Machine,1
CWP,1
pseudotumor,1
English-language,1
Kidney,1
16-slice,1
doxorubicin,1
validation,12
combinatorial,1
MSCs,1
ScienceDirect,1
CSCs,2
1992-1995,1
corn,1
NFATc1,1
FeNO,1
continual,1
squamous-cell,1
departments,3
released,1
endarterectomy,1
miR-522-3p,1
[Ru,2
Gene,28
infusion,2
MACS,1
aspirin,2
miR-216a-5p,1
action,2
analgesia-in,1
hospital-based,1
II-IIIB,1
FACS,2
miR-590-5p,1
5-methoxy-2-methyl-1H-indol-3-yl,1
IA2,1
BandarAbbas,1
communities,1
676,1
aneurysm,1
gene,34
health,27
ARIC,1
ED-SCLC,2
surveyed,4
intracranial,1
pretreated,2
injected,2
outlier,1
Pb,2
Competency,1
DUB,1
Neck,1
incident,10
Hb,1
Breast,1
18-21,1
Kanagawa,1
SATB2,2
RA-LPS,1
422,1
heartburn,1
Changhai,1
large-scale,2
Stony,1
quantified,1
inhibition,2
â‰?,2
â‰?,2
ambispective,1
Hematology,1
SCOC,1
risk-stratified,1
207,1
inception,10
MDACC,1
compared,35
mesenchymal,1
rupture,1
invasion,12
1a/b,1
immunotherapeutics,1
pNENs,1
cT4,1
measure,7
SW480,1
application,3
SMA,1
NOD/SCID/,1
spectral,1
IMA,2
#NAME?,1
Cell,10
aqueous,1
NMA,1
alternative,1
CS,1
S1PR1,2
negative,5
robust,1
predictions,1
EBUS,3
expiratory,1
NSG,2
Yunnan,1
searched,57
build,1
hours,4
non-Latino,1
Shaukat,1
Real-Time,1
2003-2013,1
children,5
limited,4
Guangzhou,2
phase,38
perform,2
microscope,1
brush,1
Saos-2,1
plotter,2
representative,5
Basra,3
PROTECT-01,1
lesions,25
listserv,1
block,3
lentiviral,1
hospice-palliative,1
conferences',1
LINC00152,1
non-muscle,1
histologies,2
sixty-five,1
hospitalized,3
cT1-2aN0M0,1
epidemiological,3
Human,3
flap,1
miRNA-sequencing,1
datum,1
eRNAs,1
PPMs,1
Previews,1
Totally,1
monitoring,2
risks,3
big-data,1
paclitaxel,3
Hospices,1
FDG-PET,2
tolerance,1
medline,1
papillomavirus,1
characterised,1
MBC,1
adenocarcinoma-derived,1
PNS,2
Science,38
secure,1
volume,7
non-,1
scoping,1
LLC,3
CNS,2
ninety-one,1
immunocytes,1
Chest,3
scores,4
constipation,1
Medicine,6
PTCL,1
recurrent,5
histopathological,2
â‰?0,1
Enhancement,1
MCF-7,1
positron,3
bioengineering,1
result,1
LungVision,1
"Europe""",1
ethylene,1
K-LUCAS,1
somatic,3
accompanying,1
CRN,1
closure,1
attainment,1
Solid,2
NNLCPs,1
TMAs,2
Thirty,2
Immunohistochemistry,3
Profiling,3
intrinsic,1
laser,2
approval,2
ADRs,1
region,4
histiocytosis,1
12th,1
aspects,3
SNHG9,2
thrombus,1
paraffin-embedded,2
hire,1
right-sided,1
linacs,1
CCLE,1
annual,5
PM2,1
BMP-2,1
prescribed,1
pre-positioning,1
paclitaxel-carboplatin,1
zeta,1
ICD,1
Queensland,1
radical,10
Network,5
smoking-related,1
12-week,1
Alberta,1
extraction,1
Pordenone,1
census,2
participated,5
foreign,1
sterilization,1
miR-3175,1
anlotinib,1
germline,1
hearing,1
Circ_0000376,1
TBX5-AS1,1
proposal,1
Virtual,1
intake,1
clinician,3
[g/ml],2
non-randomised,1
tumor-cell,1
tagging,1
Q4wk,1
8th,2
9th,1
GPX8,1
Classification,2
EBUS-TBNI,1
permanent,1
serum-free,1
operated,1
7th,1
monocytes/macrophages,1
culturing,1
proton,2
accelerator,1
cellular,3
thiocarbohydrazide,1
OVID,1
Acid,1
reactive,1
metachronous,2
BECN1,1
50+,1
predictive,4
ProQuest,1
ENB,1
PD,1
STAT4,1
office-based,1
elucidate,1
Genetics,1
ever-smokers,2
injured,1
651,1
PC,2
intervention,5
SC,1
TC,2
UC,2
VC,1
01/2011,1
NCT02578680,1
LC,8
Firstly,4
AC,3
BC,3
institutional,7
3876,1
Analytic,2
custom,2
MEDLINE,12
IL-6,4
convex,2
DLTs,1
miR-371b-5p,1
platelets,1
GSE134381,1
H520,3
thresholds,1
Sichuan,3
mg/kg,16
ADCC,1
Timing,1
treat,4
accessed,4
Mn,1
cytotoxic,9
gynaecologic,1
QX200,1
based,33
EGFR/ALK/ROS1,1
granuloma,1
MP1000-CLs,1
opacity,1
intensity-modulated,1
resimulation,1
stadium,1
bases,1
recovery,1
western,15
fever,1
2012-2016,1
quit,1
range,5
NCDs,2
GSE74706,1
panoramic,1
100-119,1
immunofluorescence,9
lobar,1
well-described,1
[g],1
ERBB2,2
spectroscopic,1
C]-abivertinib,1
original,3
interviews,7
Knowledge,11
KEYNOTE-158,1
[4,1
SEMSs,1
modelling,2
scanner,2
literacy,1
T4,1
liquid-based,1
infinity,1
mechanisms,4
reverse,9
CSPPT,1
cancer,513
population-,1
Wanfang,8
dysgeusia,1
classified,6
neurologic,1
score--weighted,1
compliance,1
1996,2
HSPs,1
TCAT-ARC,1
STM,1
HCRU,3
practice,3
18F-FET,1
glycol,1
gathered,1
transcriptional,2
advanced/metastatic,2
incorporating,2
marginal,1
preferential,1
SRB,1
truth,1
IRB,1
CD5,1
adjuvant,3
ultimately,1
ARB,1
Î²-Carotene,1
24,13
suspension,2
damage,1
"CKD,1
Specimens,1
cycle,11
PWH,1
stage,112
Genotype,1
IIIA,4
IMEs,1
Mexico,2
Ki-67,1
beryllium,3
diarrhea,1
Tobacco,1
detect,20
CDDP-PLGA,1
steps,1
Midwest,1
phospholipid,1
USPSTF,2
PPARÎ³,1
kidney,5
[1-5],1
describing,3
NCI-H292,1
qRT-PCR,38
LY294002,1
adipose,2
adenocarcinomas,7
pleurodesis,2
StarD13,1
operation,2
hsa_circ_01844,1
NMLD,1
M-MDSCs,2
in-depth,1
tissue,43
vascular,1
computer-based,1
CCK8,1
PPI,1
pre-therapy,1
PFAS,1
deepen,1
Dako,1
MPI,1
series,9
cyanoacrylate,1
registry,15
DPI,1
January,137
â‰?0,2
technology,6
air,4
offices,1
Hong,1
Web,34
immunocompetent,2
pre-surgical,1
infiltrates,1
African,3
ground,2
Twenty-five,1
[6-16],1
GHQ-30,1
non-progressing,1
haplotypes,1
Feb,1
vinorelbin,2
Nanfang,1
largest,2
chromatography,3
IPO-Porto,1
Cancers/International,1
C-EX,1
D-EX,1
E-EX,1
Ligno,1
noninvasive,1
G1/G2,1
HR-TEM,1
pure,3
Matrigel,1
bronchoscopies,2
surgically,14
beryllium-induced,1
Data,39
reported,19
encountered,2
Annexin,1
CPTAC-LUAD,1
indication,1
Thirty-five,2
posterior,1
125,1
case-cohort,1
Î³H2AX/53BP1,1
Sixteen,2
Colorectal,3
energy,2
data,230
quartiles,1
nanotracer,1
effective,1
agents,5
observation,2
Abdominal,1
follow,1
nucleotide,4
Mart,1
Kettering-Integrated,1
differentiate,1
San,2
uncertainties,1
Jan,3
subclone,1
concentrations,11
hunting,1
lifetime,3
decades,1
SACT,1
pembrolizumab,11
non-squamous,5
Academy,2
up-to-date,1
spirometry,1
SCH772984,1
nanocomposite,1
first-,2
mCohort,1
c-Met,1
Sod1KO,1
meetings,1
sensitivity,3
smoldering,1
hoc,1
Johns,1
Paclitaxel,1
Î²-carotene,1
IL8RA,1
PrognoScan,2
Institute,10
human,30
localization,4
EORTC,2
311,1
611,1
rounds,1
McKeown,1
demonstrated,1
RO,1
pT1-4N2M0,1
SSTR2a,1
DPIs,1
IO,1
MO,1
Zhengzhou,2
2-aminophenyl,1
bronchus,2
appearance,1
coronary,2
TriNetX,1
predicted,3
Transcriptome,2
tumoral,1
PNSM,1
undergo,2
fucosyltransferases,1
abstracts,1
Manual,1
workups,1
signature,1
KEYNOTE-407,1
chest,8
factors,18
19G,1
spectroscopy,3
1995-2011,1
medicine,2
1995-2015,1
VATS,15
1995-2016,1
holmium-166,1
certificate,1
lavage,1
ARDS,2
February,27
gynaecological,1
USON,1
mutation-specific,1
Bundang,1
referral,5
Ctsl-/-,1
SCD,1
solid,13
additional,6
advanced,85
10-year,1
duration,2
workup,1
lymph,15
immunostimulatory,1
Genomics,3
indeterminate,1
SLR,1
KEYNOTE-189,1
R0,2
T0,2
cell-like,1
ALR,1
analyzes,1
M0,4
N0,5
counterstaining,1
staining,10
nanorods,1
animal,3
consulted,1
proteinase,1
peritoneal-disseminated,1
race/ethnicity,2
CTLA-4,2
208,2
508,2
non-pediatric,1
intranasal,1
Tower,1
population-level,2
libraries,1
typing,1
circ_0020123,1
transwell,2
peer-reviewed,1
MPM,7
IIB-IIIA,1
embryo,1
fuels,1
9-year,1
rRNA,2
references,3
mutational,2
correlations,1
cMras,1
direction,1
HLA-G,1
mRNA,24
pemetrexed,8
FACT-G,1
40,21
60,12
GenKOLS,1
lung-cancer,1
deaths,4
8-year,1
colectomy,3
codons,1
occurred,1
logistic,2
mental,1
RT-PCR-proven,1
SUVmax,1
extracellular,2
SW1736,1
Diet,2
GSH,2
underwent,163
ELAPSE,1
12-year,2
alba,1
Phase,4
2006-2017,2
2006-2012,1
E2F5,1
intramyocardial,1
genetics,1
computational,1
optimizes,1
infections,2
adherence,1
ROSE,1
Il2rg-knockout,1
international,4
retirees,1
Molecular,2
Tumour,1
One-hundred-and-forty,1
firstly,1
novo,3
infectious,3
5-mm,1
paracancerous,1
advertisement,1
NBTXR3,1
aspartate,1
lymphadenopathy,1
CBC,1
Lab,1
EMBASE,22
commonly,1
Cambridge,1
L-deoxyalliinate,1
561,1
rs3730581,1
osimertinib,11
143b,1
deeply,1
IL-35,2
SQLC,1
primary,68
anticoagulation,1
purified,1
3-year,2
SAN,1
Cutaneous,1
overweight,1
variability,2
neutrophil,1
NEN,2
cN0/1,1
ZnO-SYR,1
Tianjin,4
recommendations,1
C40,1
access,3
counts,2
Sri,1
Sensitizing,1
CIS-DOXp,1
sequencing,41
oncological-COVID,1
completely,7
Australia,5
315,1
virtual,1
MPMs,1
SPCA1,1
midchildhood,2
incubated,1
CHOP,1
Asian,3
pimary,1
Ly6Clow,1
MSAS-SF,1
miR-513b-5p,1
filtrate,1
depressive,1
Karolinska,2
R-EBUS,1
generated,8
Twenty,1
constitutive,2
>40,1
lifestyle,2
emotional,2
740,1
Bronchoalveolar,1
MDM2,2
NEC-DUE1,1
Asia",1
segmented,2
MS,1
ICU,1
non-adherent,1
PD-,3
abstracted,1
validate,1
analysis,105
attention,1
division,1
CyberknifeÂ®,1
Affiliated,8
transduction,1
semi-automatically,1
Humanitas,1
CLS-PEG,1
AMMSCs,2
classic,1
PanNEC,1
architectures,1
outpatient,8
A549/cisplatin,1
low-abundance,1
QIAamp,1
neoadjuvant,10
VFP,1
associations,7
blastic,1
analytic,1
Fine,1
5-year,3
including,68
45-69,1
Turbohaler,1
outer,2
UK,11
CDSS,1
HROC-57,1
powder,2
NK,2
SNPscan,1
antitumor,2
inclusive,1
Platform,1
Board,2
4-year,1
pediatric,1
formulation,1
PaP,1
COPD-patients,1
University,45
Asan,1
utilizing,1
underlying,1
Pooled,1
BaP,1
separately,2
dipyrromethene,1
single-centre,3
myeloid,1
distinguish,1
I-III,6
Japan,17
palliative,10
NENs,4
called,1
motion,4
REDCap,1
unresectable/metastatic,1
logs,1
ZIC2,1
iv,1
Mass,1
aggregated,1
ultrasound,1
oligo-PD,1
RNA-immunoprecipitation,1
cultures,1
ischaemic,1
critical,1
Grosshansdorf,1
HCC,9
isotoxically,1
Heading,1
diameter,4
techniques,1
TFMG,1
eleven,1
determine,20
rates,9
artificial,2
risk-adjusted,1
beta-catenin,1
Twenty-seven,1
CRISPR/Cas9,2
randomisation,2
ESL,1
arrest,1
RHR,1
spectrometric,1
3-MA,1
excited,1
micro-computed,1
circRNAs,1
board,1
undergoes,1
Top,1
internal,4
till,1
IIIB,2
Sendai,1
nested,9
45-,1
UALCAN,3
top,1
Hampshire,1
sixteen,1
intraductal,1
haplotype-tagging,1
Burden,1
Immune,1
arms,1
induction,9
fibrosing,1
delivered,1
SpM,1
GC,8
MassARRAY,1
notable,1
neonates,1
graft,1
Biph-MPM,1
atrophy,2
WANFANG,1
22C3,3
cerebral,2
reporting,6
review,53
Expressions,1
C210A,1
DVA,1
Marsden,2
Aging,1
varied,2
Maximum,1
excluding,2
BAP1,2
left-to-right,1
IC50,1
ASCVD,1
eQTL,1
dysplasia,1
Nepal,1
revised,2
4',1
anatomical,8
Assessment-Short,1
platinum,4
miR-485-5p,1
flattening,1
PROs,3
larynx,1
SRS,4
clinically,9
acts,1
calcitriol-treated,1
L-SCC,1
Individuals,1
MET-amplified,1
MMP2,1
feedback,1
stool,1
encapsulation,2
veterans,1
2029,1
gammex,1
Edmonton,2
etiology,1
HNC,1
acquired,17
in-vitro,1
SNX20,1
Danish,2
procedures-intercostal,1
cross-sectional,14
PGE2,1
ascertained,2
tracheobronchial,2
ICI,12
D-penicillaminate,1
85-year-old,1
NCI,1
FAPI-positron,1
tumours,5
X-Ray,1
Electron,2
forests-variable,1
annexin,1
iodinated,1
surgeons,4
Kingdom,1
4-b]-1,1
Drum,1
polymorphism,2
CTCA,1
pharmacokinetics,1
Tumor,6
construct,4
yielded,1
admitted,16
gather,1
public-private,1
deceased,1
USRDS/Medicare,1
METTL7B's,1
Supervised,1
Counting,2
60Â±17,1
intersegmental,2
Bronx,1
Register,5
underweight,1
inflation-deflation,1
merged,1
â‰?,1
les,2
Fifty,1
procedure,6
urology,1
nano-platform,1
transcriptase,1
adenocarcinoma,71
sixty-three,1
rectal,4
Microscope,2
conducted,121
100,10
300,3
500,3
CT,45
miR-543,1
Therapy,2
grafted,2
island,1
doses,3
Lentiviral,1
anti-angiogenesis,1
PNLCSC,1
starting,2
applications,1
injection,7
Base,7
physicians,6
sarcoidosis,3
end-organ,1
focusing,2
inserted,1
1/1/2019,1
dysfunctional,1
Outcome,1
Bayesian,2
relapsed/refractory,3
2002-2003,1
pathway,7
Meta-analysis,1
functions,3
June,42
participants,30
0,1
table,1
KBP,1
291,1
Rate,1
clinic,6
smoking-duration,1
oncologists,7
collect,1
dextran,1
sec-13,1
sustained,1
IIB-IIIB,1
monoclonal,3
alveolar,1
KEYNOTE-021,1
mannitol,1
ClinicalTrials,6
Aichi,1
needles,2
ICIs,14
diagnose,1
chamber,1
LINC00968,1
trained,5
implementation,1
tumour,10
analyzer,1
content,1
SaOS-2,1
voluntarily,1
shunt,1
CytAct,1
MDASI,1
triazolo[3,1
TMA,2
HIV,2
IIV,1
cCRT,1
screened,19
intratracheal,1
CIV,1
Translational,1
carcinoids,1
IgE,1
TGP18,1
annually,1
full-dose,1
PPP1R13L,1
849,2
oral,11
1ÔÂ2ÈÕ,1
/anti-PD-1,1
source,3
forty-eight,1
Zealand,4
physician-hospital,1
ascites,1
erlotinib-resistant,1
SBHFRT,1
dye,2
ALK-positive,4
positioned,1
apoptotic,1
regressor,1
EGFR-mutated,8
real-world,4
papers,1
Panel,2
lower,2
Organisation,1
prone,1
TSPN,3
Detection,1
batches,1
calorimetry,1
Wexner,1
questionnaire,12
Syndecan-4,1
code,1
clinical,116
routinely,3
weeks,21
respective,2
updated,3
screening-eligible,1
2006-2009,1
CHCAMS,1
VPS9D1-AS1,1
open-label,19
#NAME?,1
aimed,1
twenty,1
randomised,7
dacomitinib,1
Dissemination,2
XENA,1
28,8
evidence,5
58,6
nuclear,3
8ÔÂ30ÈÕ,1
L-cysteinate,1
transposon,1
hematoxylin-eosin,1
monolayer,1
RJX,1
tyrosine,2
equipped,1
ECM,2
admissions,2
GSE32863,3
visited,1
Kunming,2
adjacent,16
semi-structured,3
abnormalities,1
infantis,1
activated,1
PP-sG-CSF,1
Sep-07,1
irAEs,3
phytoconstituents,1
Randomized,1
Life,2
DICOM,1
C57BL/6,1
PEG-OBI,1
topotecan,1
CSF,4
F-FDG,1
checkpoint,7
power,1
observational,26
Platelets,1
HMGB3,1
optimise,1
life,3
2010-2014,1
2010-2015,1
2010-2016,3
2010-2017,1
complications,1
Ctsl,1
comprehensive,7
platform,6
A549/R,1
single-institution,2
prolonged,1
NIOX,1
recorded,7
ACC,3
204,1
lymphadenectomy,4
Ten,1
guideline,1
Onrad,1
para-carcinoma,1
intertrochanteric,1
Centres,1
adolescents,1
follow-ups,1
reading,1
noCoV-ARDS,1
Linc00337,1
deprived,1
rib,1
pattern,3
create,3
ACE2,1
non-Asian,1
hormone,1
oropharynx,1
NFs,1
TMN,1
gynecologic,1
Twenty-two,2
Gef/Qur,1
cohorts,16
2-min,1
left,7
EMN,1
Embase,41
bilaterally,1
bowel,2
triple,1
PBT,1
needle,3
Modelling,1
ultra-deep,1
PubMed,64
Hz,1
4T1,2
CASC15,2
European-ancestry,1
Spanish,2
495,1
industry,2
Procedural,1
Asia,1
ADLC,1
DLCA-L,1
JPFR,1
55-74,1
ASCO,2
enzymes,1
RPTOR,1
quasi-RCTs,1
anastomosis,1
worry,1
FOXQ1,1
sigmoidoscopy,1
GSE27262,1
45-77,1
fifty-seven,1
siIDO,1
pull-down,1
22-gauge,1
Sun,1
formed,1
helicase,1
Taiwan's,1
TBARS,1
nabpaclitaxel-gemcitabine,1
nationally,2
systematically,17
harvested,2
smoking,17
Medicare,13
Regional,1
immune,14
salivary,1
sizes,2
submitted,2
Simple,1
therapy-naÃ¯ve,1
Kettering,1
Bifidobacterium,1
enrolled,91
decrease,1
IDO-specific,1
attending,1
PITX1,1
signaling,3
TTF1,1
silenced,1
miRNA,7
Chi,1
Montefiore,1
tests,6
SPECT/CT,2
thyroid,6
HGNC,1
absence,1
mesodermally,1
maximum,3
launched,1
PS,3
breath-hold,1
RS,2
implemented,1
RBM10,1
LS,1
months,13
OS,10
BS,1
randomized-stratified,1
positive,8
regulation,4
Statistics,3
ESCs,1
histology-based,1
registries,5
isolated,8
diphenylphosphino,1
PDX,2
anesthesia,2
pharmDx,2
mammalian,1
heterogeneity,1
ERK,1
freeze,1
cell,178
short-term,1
supportive,1
MarketScan,1
rendering,1
Participants,5
intent,4
stainless,1
Kirikkale,1
allocation,1
SUV,1
RSDs,1
Substance,1
curative-intent,1
EBUS-,1
subtyping,1
sensitive,4
COPD,13
Equation,1
location,4
statistical,2
Genome,42
minor,1
PIPT,1
chair,1
T790M-positive,1
archives,1
CT-guided,3
rs2910164,1
post-first-line,2
PAF,1
TCGA,44
multistep,1
mutation-positive,2
mass,4
combined,22
DAPI,1
oligometastatic,2
subcentimeter,1
resided,1
LCSG,1
inoculated,1
reimbursement,2
HER-2,1
FPR,1
tumor,74
synthesized,7
maintenance,2
well-established,1
median,7
circ_cMras,1
PROMIS,1
rolling,1
ASPS,1
monotherapy,9
close,2
nonlinear,1
further-line,1
survival,40
Laser,1
radiochemotherapy,1
MDA,1
counting,1
survey,26
episode,2
exos,1
hypopharyngeal,1
60-105,1
Ulsan,1
JAVELIN,1
Efficacy,1
structurally,1
Lung,28
CXCR4,1
CXCR7,1
SNPs,2
casecontrol,1
northern,1
framework,1
miR-191-5p,1
MNPs,1
A2B,1
amplification-refractory,1
extracted,23
therapy,31
literatures,2
CIs,1
E6,2
immunity,1
newly,14
Î±/Î²,1
investigated,28
TMB,4
sampling,5
EOCA,1
633,1
anatomic,5
2000-2018,1
circulating,3
Bioinformatics,5
2000-2016,1
E2F,2
patient,37
anti-oxidant,1
dedicated,2
In-Vivo,1
regimen,2
Nation's,1
monocrotaline,1
Endostar,1
combinations,2
inhibitors,16
dying,1
urban,3
immunosuppression,1
K562,1
PEMBRO-RT,1
honokiol,1
capecitabine,2
employment,2
HPVH,1
LPVH,1
Peripheral,1
noncomparative,1
two-part,2
TFG,1
analyze,15
CFRT,1
Radiation,2
trimesters,1
Surgically,1
stress,4
WES,4
knocked,1
biology,1
Stressor,1
FVC,1
manifesting,2
antibodies,5
postmeeting,1
Jiangsu,1
endoscopy,1
variable,2
PAFs,1
subcapsular,1
TKI,5
peripheral,19
H1650,1
vignettes,1
Frequency,1
VEROÂ®,1
non-tumorous,1
required,1
PIN,1
Eastern,1
management,6
TILs,1
societal,1
PTX-loaded,1
acetyl-bufalin,1
claims,11
exposure,14
replacement,3
post-durvalumab,1
tail,1
nCounter,1
skipping,1
ANRS,1
Fn14,1
single-blinded,1
originating,1
Normal,1
CDDP,1
substances,1
activating,2
EGFR/c-Met,1
crizotinib,7
conception,1
PRKCA,1
tumorigenicity,1
tetracycline-inducible,1
resin/glass,1
Cardiovascular,1
interview,2
electromagnetic,1
HRMS,1
MEG-01,1
A549,38
PRO,1
Regina,1
spatiotemporal,1
equipment,1
filter,1
Transwell,5
measurements,1
construction,1
280,2
repair,1
FRO,1
varenicline,1
pneumoconiosis,1
Relevant,2
arylethanones,1
EGFR,39
knockouts,1
cystic,1
dysphagia,1
verified,1
MET-ex14,1
technical,1
2004-2014,1
2004-2015,2
2004-2016,1
consisted,6
2004-2010,1
Interactive,2
histology,2
nonsurgical,1
setting,1
intermediate,1
Foundation,1
administrative,4
ectopic,1
ethnicity,2
antiretroviral,1
platinum-refractory,1
Algeria,1
military,1
cytolytic,1
ratification,1
plasminogen,1
CTCS,1
Single,1
16S,2
far-red,1
Subjects,2
larger,2
facial,1
failed,1
LABM,1
West,5
cadaver,2
leiomyosarcoma,1
diffraction,2
PDT,1
Database,32
abovementioned,1
Prognostic,1
Inhibitors,1
transplants,2
minimally,1
TKIs,2
test,12
industries,1
laboratory,4
involving,13
CYFRA,1
3015,1
ADCAs,3
datas,1
Nationale,1
pneumonectomy,9
responded,1
adenomas,1
pre-print,1
simulate,2
PC9,3
untreated,6
concurrently,1
synthesis,2
G-MDSCs,1
Society,7
Analysis,5
'other',1
conditional,2
publications,6
centres,6
optimization,1
faster,1
respiratory-related,1
residence,1
detecting,1
deemed,1
Bio-Rad,1
quantification,1
technique,9
252,2
452,2
thoracotomy,2
18-65,1
peripheral-blood,1
pleiotropically,1
automatic,1
loci,2
le,1
prevention,1
instillation,1
juice-based,1
],5
autoHCT,1
de,6
337,4
membership,1
T-lymphocyte,1
light,2
two-photon,1
~,3
re-evaluated,1
biomarker,1
2015-2019,3
architecture,1
initially,4
delivering,1
carcinoembryonic,1
finding,1
acid,7
stereotactic,5
immunogenomic,1
perspective,3
Datalink,1
delivery,4
Taiwan,6
HGUGM,1
Agricultural,1
